index,sample_index,dataset,requested_split,resolved_split,image_ref,image_column,score,predicted_label,predicted_label_name,threshold,gt_label,gt_label_raw,gt_label_name,gt_label_source,is_correct,metadata_json,exported_image_path,export_image_size,label
5,6,prithivMLmods/AI-vs-Deepfake-vs-Real,test,train,index:5,image,0.4293266832828522,0,real,0.6,1,0,ai-generated,dataset_profile:label,0,"{""label"": 0}",mixed_images/image_000006.jpg,224,0
6,7,prithivMLmods/AI-vs-Deepfake-vs-Real,test,train,index:6,image,1.0055832035116286e-11,0,real,0.6,1,0,ai-generated,dataset_profile:label,0,"{""label"": 0}",mixed_images/image_000007.jpg,224,0
7,8,prithivMLmods/AI-vs-Deepfake-vs-Real,test,train,index:7,image,0.8114215135574341,1,ai-generated,0.6,1,0,ai-generated,dataset_profile:label,1,"{""label"": 0}",mixed_images/image_000008.jpg,224,0
8,9,prithivMLmods/AI-vs-Deepfake-vs-Real,test,train,index:8,image,0.10716993361711502,0,real,0.6,1,0,ai-generated,dataset_profile:label,0,"{""label"": 0}",mixed_images/image_000009.jpg,224,0
9,10,prithivMLmods/AI-vs-Deepfake-vs-Real,test,train,index:9,image,1.522538184417499e-07,0,real,0.6,1,0,ai-generated,dataset_profile:label,0,"{""label"": 0}",mixed_images/image_000010.jpg,224,0
10,11,prithivMLmods/AI-vs-Deepfake-vs-Real,test,train,index:10,image,0.45210087299346924,0,real,0.6,1,0,ai-generated,dataset_profile:label,0,"{""label"": 0}",mixed_images/image_000011.jpg,224,0
11,12,prithivMLmods/AI-vs-Deepfake-vs-Real,test,train,index:11,image,3.963450944866054e-05,0,real,0.6,1,0,ai-generated,dataset_profile:label,0,"{""label"": 0}",mixed_images/image_000012.jpg,224,0
12,13,prithivMLmods/AI-vs-Deepfake-vs-Real,test,train,index:12,image,0.38024452328681946,0,real,0.6,1,0,ai-generated,dataset_profile:label,0,"{""label"": 0}",mixed_images/image_000013.jpg,224,0
13,14,prithivMLmods/AI-vs-Deepfake-vs-Real,test,train,index:13,image,0.43761706352233887,0,real,0.6,1,0,ai-generated,dataset_profile:label,0,"{""label"": 0}",mixed_images/image_000014.jpg,224,0
14,15,prithivMLmods/AI-vs-Deepfake-vs-Real,test,train,index:14,image,0.7001011967658997,1,ai-generated,0.6,1,0,ai-generated,dataset_profile:label,1,"{""label"": 0}",mixed_images/image_000015.jpg,224,0
15,16,prithivMLmods/AI-vs-Deepfake-vs-Real,test,train,index:15,image,0.973716676235199,1,ai-generated,0.6,1,0,ai-generated,dataset_profile:label,1,"{""label"": 0}",mixed_images/image_000016.jpg,224,0
16,17,prithivMLmods/AI-vs-Deepfake-vs-Real,test,train,index:16,image,0.7333628535270691,1,ai-generated,0.6,1,0,ai-generated,dataset_profile:label,1,"{""label"": 0}",mixed_images/image_000017.jpg,224,0
17,18,prithivMLmods/AI-vs-Deepfake-vs-Real,test,train,index:17,image,0.006585870869457722,0,real,0.6,1,0,ai-generated,dataset_profile:label,0,"{""label"": 0}",mixed_images/image_000018.jpg,224,0
18,19,prithivMLmods/AI-vs-Deepfake-vs-Real,test,train,index:18,image,0.0037091500125825405,0,real,0.6,1,0,ai-generated,dataset_profile:label,0,"{""label"": 0}",mixed_images/image_000019.jpg,224,0
19,20,prithivMLmods/AI-vs-Deepfake-vs-Real,test,train,index:19,image,0.20474106073379517,0,real,0.6,1,0,ai-generated,dataset_profile:label,0,"{""label"": 0}",mixed_images/image_000020.jpg,224,0
20,21,prithivMLmods/AI-vs-Deepfake-vs-Real,test,train,index:20,image,8.732905953934278e-09,0,real,0.6,1,0,ai-generated,dataset_profile:label,0,"{""label"": 0}",mixed_images/image_000021.jpg,224,0
21,22,prithivMLmods/AI-vs-Deepfake-vs-Real,test,train,index:21,image,0.9908547401428223,1,ai-generated,0.6,1,0,ai-generated,dataset_profile:label,1,"{""label"": 0}",mixed_images/image_000022.jpg,224,0
22,23,prithivMLmods/AI-vs-Deepfake-vs-Real,test,train,index:22,image,0.9999443292617798,1,ai-generated,0.6,1,0,ai-generated,dataset_profile:label,1,"{""label"": 0}",mixed_images/image_000023.jpg,224,0
23,24,prithivMLmods/AI-vs-Deepfake-vs-Real,test,train,index:23,image,1.1501329936436377e-05,0,real,0.6,1,0,ai-generated,dataset_profile:label,0,"{""label"": 0}",mixed_images/image_000024.jpg,224,0
24,25,prithivMLmods/AI-vs-Deepfake-vs-Real,test,train,index:24,image,4.935750894219382e-06,0,real,0.6,1,0,ai-generated,dataset_profile:label,0,"{""label"": 0}",mixed_images/image_000025.jpg,224,0
25,26,prithivMLmods/AI-vs-Deepfake-vs-Real,test,train,index:25,image,0.01983892172574997,0,real,0.6,1,0,ai-generated,dataset_profile:label,0,"{""label"": 0}",mixed_images/image_000026.jpg,224,0
26,27,prithivMLmods/AI-vs-Deepfake-vs-Real,test,train,index:26,image,0.18114982545375824,0,real,0.6,1,0,ai-generated,dataset_profile:label,0,"{""label"": 0}",mixed_images/image_000027.jpg,224,0
27,28,prithivMLmods/AI-vs-Deepfake-vs-Real,test,train,index:27,image,3.7918323755888195e-19,0,real,0.6,1,0,ai-generated,dataset_profile:label,0,"{""label"": 0}",mixed_images/image_000028.jpg,224,0
28,29,prithivMLmods/AI-vs-Deepfake-vs-Real,test,train,index:28,image,0.9841467142105103,1,ai-generated,0.6,1,0,ai-generated,dataset_profile:label,1,"{""label"": 0}",mixed_images/image_000029.jpg,224,0
29,30,prithivMLmods/AI-vs-Deepfake-vs-Real,test,train,index:29,image,0.9376338720321655,1,ai-generated,0.6,1,0,ai-generated,dataset_profile:label,1,"{""label"": 0}",mixed_images/image_000030.jpg,224,0
30,31,prithivMLmods/AI-vs-Deepfake-vs-Real,test,train,index:30,image,6.263321847654879e-05,0,real,0.6,1,0,ai-generated,dataset_profile:label,0,"{""label"": 0}",mixed_images/image_000031.jpg,224,0
31,32,prithivMLmods/AI-vs-Deepfake-vs-Real,test,train,index:31,image,0.46331387758255005,0,real,0.6,1,0,ai-generated,dataset_profile:label,0,"{""label"": 0}",mixed_images/image_000032.jpg,224,0
32,33,prithivMLmods/AI-vs-Deepfake-vs-Real,test,train,index:32,image,0.954056441783905,1,ai-generated,0.6,1,0,ai-generated,dataset_profile:label,1,"{""label"": 0}",mixed_images/image_000033.jpg,224,0
33,34,prithivMLmods/AI-vs-Deepfake-vs-Real,test,train,index:33,image,2.160508100548797e-12,0,real,0.6,1,0,ai-generated,dataset_profile:label,0,"{""label"": 0}",mixed_images/image_000034.jpg,224,0
34,35,prithivMLmods/AI-vs-Deepfake-vs-Real,test,train,index:34,image,2.2734708181815222e-05,0,real,0.6,1,0,ai-generated,dataset_profile:label,0,"{""label"": 0}",mixed_images/image_000035.jpg,224,0
35,36,prithivMLmods/AI-vs-Deepfake-vs-Real,test,train,index:35,image,0.03152132406830788,0,real,0.6,1,0,ai-generated,dataset_profile:label,0,"{""label"": 0}",mixed_images/image_000036.jpg,224,0
36,37,prithivMLmods/AI-vs-Deepfake-vs-Real,test,train,index:36,image,1.2954866346337468e-11,0,real,0.6,1,0,ai-generated,dataset_profile:label,0,"{""label"": 0}",mixed_images/image_000037.jpg,224,0
37,38,prithivMLmods/AI-vs-Deepfake-vs-Real,test,train,index:37,image,0.0019138787174597383,0,real,0.6,1,0,ai-generated,dataset_profile:label,0,"{""label"": 0}",mixed_images/image_000038.jpg,224,0
38,39,prithivMLmods/AI-vs-Deepfake-vs-Real,test,train,index:38,image,0.00040292326593771577,0,real,0.6,1,0,ai-generated,dataset_profile:label,0,"{""label"": 0}",mixed_images/image_000039.jpg,224,0
39,40,prithivMLmods/AI-vs-Deepfake-vs-Real,test,train,index:39,image,0.9990509152412415,1,ai-generated,0.6,1,0,ai-generated,dataset_profile:label,1,"{""label"": 0}",mixed_images/image_000040.jpg,224,0
40,41,prithivMLmods/AI-vs-Deepfake-vs-Real,test,train,index:40,image,1.4044880566296853e-21,0,real,0.6,1,0,ai-generated,dataset_profile:label,0,"{""label"": 0}",mixed_images/image_000041.jpg,224,0
41,42,prithivMLmods/AI-vs-Deepfake-vs-Real,test,train,index:41,image,0.16637541353702545,0,real,0.6,1,0,ai-generated,dataset_profile:label,0,"{""label"": 0}",mixed_images/image_000042.jpg,224,0
42,43,prithivMLmods/AI-vs-Deepfake-vs-Real,test,train,index:42,image,4.538774010143243e-05,0,real,0.6,1,0,ai-generated,dataset_profile:label,0,"{""label"": 0}",mixed_images/image_000043.jpg,224,0
43,44,prithivMLmods/AI-vs-Deepfake-vs-Real,test,train,index:43,image,0.6709566116333008,1,ai-generated,0.6,1,0,ai-generated,dataset_profile:label,1,"{""label"": 0}",mixed_images/image_000044.jpg,224,0
44,45,prithivMLmods/AI-vs-Deepfake-vs-Real,test,train,index:44,image,3.5526110053751836e-08,0,real,0.6,1,0,ai-generated,dataset_profile:label,0,"{""label"": 0}",mixed_images/image_000045.jpg,224,0
45,46,prithivMLmods/AI-vs-Deepfake-vs-Real,test,train,index:45,image,0.8760325908660889,1,ai-generated,0.6,1,0,ai-generated,dataset_profile:label,1,"{""label"": 0}",mixed_images/image_000046.jpg,224,0
46,47,prithivMLmods/AI-vs-Deepfake-vs-Real,test,train,index:46,image,0.006112636998295784,0,real,0.6,1,0,ai-generated,dataset_profile:label,0,"{""label"": 0}",mixed_images/image_000047.jpg,224,0
47,48,prithivMLmods/AI-vs-Deepfake-vs-Real,test,train,index:47,image,1.4701657669036194e-09,0,real,0.6,1,0,ai-generated,dataset_profile:label,0,"{""label"": 0}",mixed_images/image_000048.jpg,224,0
48,49,prithivMLmods/AI-vs-Deepfake-vs-Real,test,train,index:48,image,3.2673789888970628e-12,0,real,0.6,1,0,ai-generated,dataset_profile:label,0,"{""label"": 0}",mixed_images/image_000049.jpg,224,0
49,50,prithivMLmods/AI-vs-Deepfake-vs-Real,test,train,index:49,image,0.09407328814268112,0,real,0.6,1,0,ai-generated,dataset_profile:label,0,"{""label"": 0}",mixed_images/image_000050.jpg,224,0
50,51,prithivMLmods/AI-vs-Deepfake-vs-Real,test,train,index:50,image,0.9999842643737793,1,ai-generated,0.6,1,0,ai-generated,dataset_profile:label,1,"{""label"": 0}",mixed_images/image_000051.jpg,224,0
51,52,prithivMLmods/AI-vs-Deepfake-vs-Real,test,train,index:51,image,0.9997761845588684,1,ai-generated,0.6,1,0,ai-generated,dataset_profile:label,1,"{""label"": 0}",mixed_images/image_000052.jpg,224,0
52,53,prithivMLmods/AI-vs-Deepfake-vs-Real,test,train,index:52,image,0.11668633669614792,0,real,0.6,1,0,ai-generated,dataset_profile:label,0,"{""label"": 0}",mixed_images/image_000053.jpg,224,0
53,54,prithivMLmods/AI-vs-Deepfake-vs-Real,test,train,index:53,image,0.31582918763160706,0,real,0.6,1,0,ai-generated,dataset_profile:label,0,"{""label"": 0}",mixed_images/image_000054.jpg,224,0
54,55,prithivMLmods/AI-vs-Deepfake-vs-Real,test,train,index:54,image,0.7424434423446655,1,ai-generated,0.6,1,0,ai-generated,dataset_profile:label,1,"{""label"": 0}",mixed_images/image_000055.jpg,224,0
55,56,prithivMLmods/AI-vs-Deepfake-vs-Real,test,train,index:55,image,0.5586705207824707,0,real,0.6,1,0,ai-generated,dataset_profile:label,0,"{""label"": 0}",mixed_images/image_000056.jpg,224,0
56,57,prithivMLmods/AI-vs-Deepfake-vs-Real,test,train,index:56,image,0.012558466754853725,0,real,0.6,1,0,ai-generated,dataset_profile:label,0,"{""label"": 0}",mixed_images/image_000057.jpg,224,0
57,58,prithivMLmods/AI-vs-Deepfake-vs-Real,test,train,index:57,image,1.7311852218426793e-07,0,real,0.6,1,0,ai-generated,dataset_profile:label,0,"{""label"": 0}",mixed_images/image_000058.jpg,224,0
58,59,prithivMLmods/AI-vs-Deepfake-vs-Real,test,train,index:58,image,0.17811912298202515,0,real,0.6,1,0,ai-generated,dataset_profile:label,0,"{""label"": 0}",mixed_images/image_000059.jpg,224,0
59,60,prithivMLmods/AI-vs-Deepfake-vs-Real,test,train,index:59,image,1.671040809014812e-05,0,real,0.6,1,0,ai-generated,dataset_profile:label,0,"{""label"": 0}",mixed_images/image_000060.jpg,224,0
60,61,prithivMLmods/AI-vs-Deepfake-vs-Real,test,train,index:60,image,0.999630331993103,1,ai-generated,0.6,1,0,ai-generated,dataset_profile:label,1,"{""label"": 0}",mixed_images/image_000061.jpg,224,0
61,62,prithivMLmods/AI-vs-Deepfake-vs-Real,test,train,index:61,image,0.7530806064605713,1,ai-generated,0.6,1,0,ai-generated,dataset_profile:label,1,"{""label"": 0}",mixed_images/image_000062.jpg,224,0
62,63,prithivMLmods/AI-vs-Deepfake-vs-Real,test,train,index:62,image,0.05051812902092934,0,real,0.6,1,0,ai-generated,dataset_profile:label,0,"{""label"": 0}",mixed_images/image_000063.jpg,224,0
63,64,prithivMLmods/AI-vs-Deepfake-vs-Real,test,train,index:63,image,0.66085284948349,1,ai-generated,0.6,1,0,ai-generated,dataset_profile:label,1,"{""label"": 0}",mixed_images/image_000064.jpg,224,0
64,65,prithivMLmods/AI-vs-Deepfake-vs-Real,test,train,index:64,image,1.9390980014577508e-05,0,real,0.6,1,0,ai-generated,dataset_profile:label,0,"{""label"": 0}",mixed_images/image_000065.jpg,224,0
65,66,prithivMLmods/AI-vs-Deepfake-vs-Real,test,train,index:65,image,0.9926043748855591,1,ai-generated,0.6,1,0,ai-generated,dataset_profile:label,1,"{""label"": 0}",mixed_images/image_000066.jpg,224,0
66,67,prithivMLmods/AI-vs-Deepfake-vs-Real,test,train,index:66,image,4.731143254943504e-11,0,real,0.6,1,0,ai-generated,dataset_profile:label,0,"{""label"": 0}",mixed_images/image_000067.jpg,224,0
67,68,prithivMLmods/AI-vs-Deepfake-vs-Real,test,train,index:67,image,0.4333961009979248,0,real,0.6,1,0,ai-generated,dataset_profile:label,0,"{""label"": 0}",mixed_images/image_000068.jpg,224,0
68,69,prithivMLmods/AI-vs-Deepfake-vs-Real,test,train,index:68,image,4.2958109292001723e-10,0,real,0.6,1,0,ai-generated,dataset_profile:label,0,"{""label"": 0}",mixed_images/image_000069.jpg,224,0
69,70,prithivMLmods/AI-vs-Deepfake-vs-Real,test,train,index:69,image,0.999996542930603,1,ai-generated,0.6,1,0,ai-generated,dataset_profile:label,1,"{""label"": 0}",mixed_images/image_000070.jpg,224,0
70,71,prithivMLmods/AI-vs-Deepfake-vs-Real,test,train,index:70,image,0.9999500513076782,1,ai-generated,0.6,1,0,ai-generated,dataset_profile:label,1,"{""label"": 0}",mixed_images/image_000071.jpg,224,0
71,72,prithivMLmods/AI-vs-Deepfake-vs-Real,test,train,index:71,image,0.691275417804718,1,ai-generated,0.6,1,0,ai-generated,dataset_profile:label,1,"{""label"": 0}",mixed_images/image_000072.jpg,224,0
72,73,prithivMLmods/AI-vs-Deepfake-vs-Real,test,train,index:72,image,0.000276041537290439,0,real,0.6,1,0,ai-generated,dataset_profile:label,0,"{""label"": 0}",mixed_images/image_000073.jpg,224,0
73,74,prithivMLmods/AI-vs-Deepfake-vs-Real,test,train,index:73,image,2.4425329684163444e-05,0,real,0.6,1,0,ai-generated,dataset_profile:label,0,"{""label"": 0}",mixed_images/image_000074.jpg,224,0
74,75,prithivMLmods/AI-vs-Deepfake-vs-Real,test,train,index:74,image,0.1937650591135025,0,real,0.6,1,0,ai-generated,dataset_profile:label,0,"{""label"": 0}",mixed_images/image_000075.jpg,224,0
75,76,prithivMLmods/AI-vs-Deepfake-vs-Real,test,train,index:75,image,0.9369357824325562,1,ai-generated,0.6,1,0,ai-generated,dataset_profile:label,1,"{""label"": 0}",mixed_images/image_000076.jpg,224,0
76,77,prithivMLmods/AI-vs-Deepfake-vs-Real,test,train,index:76,image,0.04476310685276985,0,real,0.6,1,0,ai-generated,dataset_profile:label,0,"{""label"": 0}",mixed_images/image_000077.jpg,224,0
77,78,prithivMLmods/AI-vs-Deepfake-vs-Real,test,train,index:77,image,0.7407349348068237,1,ai-generated,0.6,1,0,ai-generated,dataset_profile:label,1,"{""label"": 0}",mixed_images/image_000078.jpg,224,0
78,79,prithivMLmods/AI-vs-Deepfake-vs-Real,test,train,index:78,image,0.9970580339431763,1,ai-generated,0.6,1,0,ai-generated,dataset_profile:label,1,"{""label"": 0}",mixed_images/image_000079.jpg,224,0
79,80,prithivMLmods/AI-vs-Deepfake-vs-Real,test,train,index:79,image,0.9979092478752136,1,ai-generated,0.6,1,0,ai-generated,dataset_profile:label,1,"{""label"": 0}",mixed_images/image_000080.jpg,224,0
80,81,prithivMLmods/AI-vs-Deepfake-vs-Real,test,train,index:80,image,0.9898093938827515,1,ai-generated,0.6,1,0,ai-generated,dataset_profile:label,1,"{""label"": 0}",mixed_images/image_000081.jpg,224,0
81,82,prithivMLmods/AI-vs-Deepfake-vs-Real,test,train,index:81,image,0.001068707904778421,0,real,0.6,1,0,ai-generated,dataset_profile:label,0,"{""label"": 0}",mixed_images/image_000082.jpg,224,0
82,83,prithivMLmods/AI-vs-Deepfake-vs-Real,test,train,index:82,image,0.3259328007698059,0,real,0.6,1,0,ai-generated,dataset_profile:label,0,"{""label"": 0}",mixed_images/image_000083.jpg,224,0
83,84,prithivMLmods/AI-vs-Deepfake-vs-Real,test,train,index:83,image,0.6294988989830017,1,ai-generated,0.6,1,0,ai-generated,dataset_profile:label,1,"{""label"": 0}",mixed_images/image_000084.jpg,224,0
84,85,prithivMLmods/AI-vs-Deepfake-vs-Real,test,train,index:84,image,0.796932578086853,1,ai-generated,0.6,1,0,ai-generated,dataset_profile:label,1,"{""label"": 0}",mixed_images/image_000085.jpg,224,0
85,86,prithivMLmods/AI-vs-Deepfake-vs-Real,test,train,index:85,image,0.04672115668654442,0,real,0.6,1,0,ai-generated,dataset_profile:label,0,"{""label"": 0}",mixed_images/image_000086.jpg,224,0
86,87,prithivMLmods/AI-vs-Deepfake-vs-Real,test,train,index:86,image,0.7486056089401245,1,ai-generated,0.6,1,0,ai-generated,dataset_profile:label,1,"{""label"": 0}",mixed_images/image_000087.jpg,224,0
87,88,prithivMLmods/AI-vs-Deepfake-vs-Real,test,train,index:87,image,3.227376116463239e-14,0,real,0.6,1,0,ai-generated,dataset_profile:label,0,"{""label"": 0}",mixed_images/image_000088.jpg,224,0
88,89,prithivMLmods/AI-vs-Deepfake-vs-Real,test,train,index:88,image,0.8165185451507568,1,ai-generated,0.6,1,0,ai-generated,dataset_profile:label,1,"{""label"": 0}",mixed_images/image_000089.jpg,224,0
89,90,prithivMLmods/AI-vs-Deepfake-vs-Real,test,train,index:89,image,0.9978159666061401,1,ai-generated,0.6,1,0,ai-generated,dataset_profile:label,1,"{""label"": 0}",mixed_images/image_000090.jpg,224,0
90,91,prithivMLmods/AI-vs-Deepfake-vs-Real,test,train,index:90,image,0.34974029660224915,0,real,0.6,1,0,ai-generated,dataset_profile:label,0,"{""label"": 0}",mixed_images/image_000091.jpg,224,0
91,92,prithivMLmods/AI-vs-Deepfake-vs-Real,test,train,index:91,image,0.7766175866127014,1,ai-generated,0.6,1,0,ai-generated,dataset_profile:label,1,"{""label"": 0}",mixed_images/image_000092.jpg,224,0
92,93,prithivMLmods/AI-vs-Deepfake-vs-Real,test,train,index:92,image,0.6294992566108704,1,ai-generated,0.6,1,0,ai-generated,dataset_profile:label,1,"{""label"": 0}",mixed_images/image_000093.jpg,224,0
93,94,prithivMLmods/AI-vs-Deepfake-vs-Real,test,train,index:93,image,0.9319791197776794,1,ai-generated,0.6,1,0,ai-generated,dataset_profile:label,1,"{""label"": 0}",mixed_images/image_000094.jpg,224,0
94,95,prithivMLmods/AI-vs-Deepfake-vs-Real,test,train,index:94,image,0.102605439722538,0,real,0.6,1,0,ai-generated,dataset_profile:label,0,"{""label"": 0}",mixed_images/image_000095.jpg,224,0
95,96,prithivMLmods/AI-vs-Deepfake-vs-Real,test,train,index:95,image,0.011431247927248478,0,real,0.6,1,0,ai-generated,dataset_profile:label,0,"{""label"": 0}",mixed_images/image_000096.jpg,224,0
96,97,prithivMLmods/AI-vs-Deepfake-vs-Real,test,train,index:96,image,0.8047038316726685,1,ai-generated,0.6,1,0,ai-generated,dataset_profile:label,1,"{""label"": 0}",mixed_images/image_000097.jpg,224,0
97,98,prithivMLmods/AI-vs-Deepfake-vs-Real,test,train,index:97,image,0.08000805228948593,0,real,0.6,1,0,ai-generated,dataset_profile:label,0,"{""label"": 0}",mixed_images/image_000098.jpg,224,0
98,99,prithivMLmods/AI-vs-Deepfake-vs-Real,test,train,index:98,image,0.15431331098079681,0,real,0.6,1,0,ai-generated,dataset_profile:label,0,"{""label"": 0}",mixed_images/image_000099.jpg,224,0
99,100,prithivMLmods/AI-vs-Deepfake-vs-Real,test,train,index:99,image,0.49905988574028015,0,real,0.6,1,0,ai-generated,dataset_profile:label,0,"{""label"": 0}",mixed_images/image_000100.jpg,224,0
100,101,prithivMLmods/AI-vs-Deepfake-vs-Real,test,train,index:100,image,0.5279577970504761,0,real,0.6,1,0,ai-generated,dataset_profile:label,0,"{""label"": 0}",mixed_images/image_000101.jpg,224,0
101,102,prithivMLmods/AI-vs-Deepfake-vs-Real,test,train,index:101,image,0.9337748289108276,1,ai-generated,0.6,1,0,ai-generated,dataset_profile:label,1,"{""label"": 0}",mixed_images/image_000102.jpg,224,0
102,103,prithivMLmods/AI-vs-Deepfake-vs-Real,test,train,index:102,image,0.9999991655349731,1,ai-generated,0.6,1,0,ai-generated,dataset_profile:label,1,"{""label"": 0}",mixed_images/image_000103.jpg,224,0
103,104,prithivMLmods/AI-vs-Deepfake-vs-Real,test,train,index:103,image,0.9659234881401062,1,ai-generated,0.6,1,0,ai-generated,dataset_profile:label,1,"{""label"": 0}",mixed_images/image_000104.jpg,224,0
104,105,prithivMLmods/AI-vs-Deepfake-vs-Real,test,train,index:104,image,4.5538836590530707e-10,0,real,0.6,1,0,ai-generated,dataset_profile:label,0,"{""label"": 0}",mixed_images/image_000105.jpg,224,0
105,106,prithivMLmods/AI-vs-Deepfake-vs-Real,test,train,index:105,image,0.9957287907600403,1,ai-generated,0.6,1,0,ai-generated,dataset_profile:label,1,"{""label"": 0}",mixed_images/image_000106.jpg,224,0
106,107,prithivMLmods/AI-vs-Deepfake-vs-Real,test,train,index:106,image,5.551522463065339e-06,0,real,0.6,1,0,ai-generated,dataset_profile:label,0,"{""label"": 0}",mixed_images/image_000107.jpg,224,0
107,108,prithivMLmods/AI-vs-Deepfake-vs-Real,test,train,index:107,image,0.7481364011764526,1,ai-generated,0.6,1,0,ai-generated,dataset_profile:label,1,"{""label"": 0}",mixed_images/image_000108.jpg,224,0
108,109,prithivMLmods/AI-vs-Deepfake-vs-Real,test,train,index:108,image,1.0640617347235093e-06,0,real,0.6,1,0,ai-generated,dataset_profile:label,0,"{""label"": 0}",mixed_images/image_000109.jpg,224,0
109,110,prithivMLmods/AI-vs-Deepfake-vs-Real,test,train,index:109,image,0.4185052514076233,0,real,0.6,1,0,ai-generated,dataset_profile:label,0,"{""label"": 0}",mixed_images/image_000110.jpg,224,0
110,111,prithivMLmods/AI-vs-Deepfake-vs-Real,test,train,index:110,image,2.371859437744206e-07,0,real,0.6,1,0,ai-generated,dataset_profile:label,0,"{""label"": 0}",mixed_images/image_000111.jpg,224,0
111,112,prithivMLmods/AI-vs-Deepfake-vs-Real,test,train,index:111,image,0.8602033257484436,1,ai-generated,0.6,1,0,ai-generated,dataset_profile:label,1,"{""label"": 0}",mixed_images/image_000112.jpg,224,0
112,113,prithivMLmods/AI-vs-Deepfake-vs-Real,test,train,index:112,image,0.927639901638031,1,ai-generated,0.6,1,0,ai-generated,dataset_profile:label,1,"{""label"": 0}",mixed_images/image_000113.jpg,224,0
113,114,prithivMLmods/AI-vs-Deepfake-vs-Real,test,train,index:113,image,3.872953346917285e-11,0,real,0.6,1,0,ai-generated,dataset_profile:label,0,"{""label"": 0}",mixed_images/image_000114.jpg,224,0
114,115,prithivMLmods/AI-vs-Deepfake-vs-Real,test,train,index:114,image,0.9999998807907104,1,ai-generated,0.6,1,0,ai-generated,dataset_profile:label,1,"{""label"": 0}",mixed_images/image_000115.jpg,224,0
115,116,prithivMLmods/AI-vs-Deepfake-vs-Real,test,train,index:115,image,0.10935137420892715,0,real,0.6,1,0,ai-generated,dataset_profile:label,0,"{""label"": 0}",mixed_images/image_000116.jpg,224,0
116,117,prithivMLmods/AI-vs-Deepfake-vs-Real,test,train,index:116,image,0.0046672821044921875,0,real,0.6,1,0,ai-generated,dataset_profile:label,0,"{""label"": 0}",mixed_images/image_000117.jpg,224,0
117,118,prithivMLmods/AI-vs-Deepfake-vs-Real,test,train,index:117,image,0.16480515897274017,0,real,0.6,1,0,ai-generated,dataset_profile:label,0,"{""label"": 0}",mixed_images/image_000118.jpg,224,0
118,119,prithivMLmods/AI-vs-Deepfake-vs-Real,test,train,index:118,image,0.4583638608455658,0,real,0.6,1,0,ai-generated,dataset_profile:label,0,"{""label"": 0}",mixed_images/image_000119.jpg,224,0
119,120,prithivMLmods/AI-vs-Deepfake-vs-Real,test,train,index:119,image,0.12766723334789276,0,real,0.6,1,0,ai-generated,dataset_profile:label,0,"{""label"": 0}",mixed_images/image_000120.jpg,224,0
120,121,prithivMLmods/AI-vs-Deepfake-vs-Real,test,train,index:120,image,0.4883178472518921,0,real,0.6,1,0,ai-generated,dataset_profile:label,0,"{""label"": 0}",mixed_images/image_000121.jpg,224,0
121,122,prithivMLmods/AI-vs-Deepfake-vs-Real,test,train,index:121,image,1.1080509239036473e-06,0,real,0.6,1,0,ai-generated,dataset_profile:label,0,"{""label"": 0}",mixed_images/image_000122.jpg,224,0
122,123,prithivMLmods/AI-vs-Deepfake-vs-Real,test,train,index:122,image,0.00017950384062714875,0,real,0.6,1,0,ai-generated,dataset_profile:label,0,"{""label"": 0}",mixed_images/image_000123.jpg,224,0
123,124,prithivMLmods/AI-vs-Deepfake-vs-Real,test,train,index:123,image,1.0348728665121598e-06,0,real,0.6,1,0,ai-generated,dataset_profile:label,0,"{""label"": 0}",mixed_images/image_000124.jpg,224,0
124,125,prithivMLmods/AI-vs-Deepfake-vs-Real,test,train,index:124,image,1.789458536904931e-07,0,real,0.6,1,0,ai-generated,dataset_profile:label,0,"{""label"": 0}",mixed_images/image_000125.jpg,224,0
125,126,prithivMLmods/AI-vs-Deepfake-vs-Real,test,train,index:125,image,0.22493131458759308,0,real,0.6,1,0,ai-generated,dataset_profile:label,0,"{""label"": 0}",mixed_images/image_000126.jpg,224,0
126,127,prithivMLmods/AI-vs-Deepfake-vs-Real,test,train,index:126,image,0.004292469471693039,0,real,0.6,1,0,ai-generated,dataset_profile:label,0,"{""label"": 0}",mixed_images/image_000127.jpg,224,0
127,128,prithivMLmods/AI-vs-Deepfake-vs-Real,test,train,index:127,image,0.1807243824005127,0,real,0.6,1,0,ai-generated,dataset_profile:label,0,"{""label"": 0}",mixed_images/image_000128.jpg,224,0
128,129,prithivMLmods/AI-vs-Deepfake-vs-Real,test,train,index:128,image,8.222872907026613e-07,0,real,0.6,1,0,ai-generated,dataset_profile:label,0,"{""label"": 0}",mixed_images/image_000129.jpg,224,0
129,130,prithivMLmods/AI-vs-Deepfake-vs-Real,test,train,index:129,image,3.856153398373863e-06,0,real,0.6,1,0,ai-generated,dataset_profile:label,0,"{""label"": 0}",mixed_images/image_000130.jpg,224,0
130,131,prithivMLmods/AI-vs-Deepfake-vs-Real,test,train,index:130,image,0.1749763935804367,0,real,0.6,1,0,ai-generated,dataset_profile:label,0,"{""label"": 0}",mixed_images/image_000131.jpg,224,0
131,132,prithivMLmods/AI-vs-Deepfake-vs-Real,test,train,index:131,image,4.8591782615403645e-06,0,real,0.6,1,0,ai-generated,dataset_profile:label,0,"{""label"": 0}",mixed_images/image_000132.jpg,224,0
132,133,prithivMLmods/AI-vs-Deepfake-vs-Real,test,train,index:132,image,0.25276631116867065,0,real,0.6,1,0,ai-generated,dataset_profile:label,0,"{""label"": 0}",mixed_images/image_000133.jpg,224,0
133,134,prithivMLmods/AI-vs-Deepfake-vs-Real,test,train,index:133,image,4.107787390239537e-07,0,real,0.6,1,0,ai-generated,dataset_profile:label,0,"{""label"": 0}",mixed_images/image_000134.jpg,224,0
134,135,prithivMLmods/AI-vs-Deepfake-vs-Real,test,train,index:134,image,7.071227085484074e-18,0,real,0.6,1,0,ai-generated,dataset_profile:label,0,"{""label"": 0}",mixed_images/image_000135.jpg,224,0
135,136,prithivMLmods/AI-vs-Deepfake-vs-Real,test,train,index:135,image,0.71926349401474,1,ai-generated,0.6,1,0,ai-generated,dataset_profile:label,1,"{""label"": 0}",mixed_images/image_000136.jpg,224,0
136,137,prithivMLmods/AI-vs-Deepfake-vs-Real,test,train,index:136,image,0.5090411305427551,0,real,0.6,1,0,ai-generated,dataset_profile:label,0,"{""label"": 0}",mixed_images/image_000137.jpg,224,0
137,138,prithivMLmods/AI-vs-Deepfake-vs-Real,test,train,index:137,image,0.2477477490901947,0,real,0.6,1,0,ai-generated,dataset_profile:label,0,"{""label"": 0}",mixed_images/image_000138.jpg,224,0
138,139,prithivMLmods/AI-vs-Deepfake-vs-Real,test,train,index:138,image,5.35552313607468e-09,0,real,0.6,1,0,ai-generated,dataset_profile:label,0,"{""label"": 0}",mixed_images/image_000139.jpg,224,0
139,140,prithivMLmods/AI-vs-Deepfake-vs-Real,test,train,index:139,image,0.18965281546115875,0,real,0.6,1,0,ai-generated,dataset_profile:label,0,"{""label"": 0}",mixed_images/image_000140.jpg,224,0
140,141,prithivMLmods/AI-vs-Deepfake-vs-Real,test,train,index:140,image,4.8303800213034265e-06,0,real,0.6,1,0,ai-generated,dataset_profile:label,0,"{""label"": 0}",mixed_images/image_000141.jpg,224,0
141,142,prithivMLmods/AI-vs-Deepfake-vs-Real,test,train,index:141,image,0.14954359829425812,0,real,0.6,1,0,ai-generated,dataset_profile:label,0,"{""label"": 0}",mixed_images/image_000142.jpg,224,0
142,143,prithivMLmods/AI-vs-Deepfake-vs-Real,test,train,index:142,image,4.595286100084195e-06,0,real,0.6,1,0,ai-generated,dataset_profile:label,0,"{""label"": 0}",mixed_images/image_000143.jpg,224,0
143,144,prithivMLmods/AI-vs-Deepfake-vs-Real,test,train,index:143,image,0.007492089178413153,0,real,0.6,1,0,ai-generated,dataset_profile:label,0,"{""label"": 0}",mixed_images/image_000144.jpg,224,0
144,145,prithivMLmods/AI-vs-Deepfake-vs-Real,test,train,index:144,image,0.5282285213470459,0,real,0.6,1,0,ai-generated,dataset_profile:label,0,"{""label"": 0}",mixed_images/image_000145.jpg,224,0
145,146,prithivMLmods/AI-vs-Deepfake-vs-Real,test,train,index:145,image,0.0001303060125792399,0,real,0.6,1,0,ai-generated,dataset_profile:label,0,"{""label"": 0}",mixed_images/image_000146.jpg,224,0
146,147,prithivMLmods/AI-vs-Deepfake-vs-Real,test,train,index:146,image,1.210755194019919e-11,0,real,0.6,1,0,ai-generated,dataset_profile:label,0,"{""label"": 0}",mixed_images/image_000147.jpg,224,0
147,148,prithivMLmods/AI-vs-Deepfake-vs-Real,test,train,index:147,image,0.9973837733268738,1,ai-generated,0.6,1,0,ai-generated,dataset_profile:label,1,"{""label"": 0}",mixed_images/image_000148.jpg,224,0
148,149,prithivMLmods/AI-vs-Deepfake-vs-Real,test,train,index:148,image,0.7134263515472412,1,ai-generated,0.6,1,0,ai-generated,dataset_profile:label,1,"{""label"": 0}",mixed_images/image_000149.jpg,224,0
149,150,prithivMLmods/AI-vs-Deepfake-vs-Real,test,train,index:149,image,0.34311795234680176,0,real,0.6,1,0,ai-generated,dataset_profile:label,0,"{""label"": 0}",mixed_images/image_000150.jpg,224,0
150,151,prithivMLmods/AI-vs-Deepfake-vs-Real,test,train,index:150,image,0.9997461438179016,1,ai-generated,0.6,1,0,ai-generated,dataset_profile:label,1,"{""label"": 0}",mixed_images/image_000151.jpg,224,0
151,152,prithivMLmods/AI-vs-Deepfake-vs-Real,test,train,index:151,image,0.9777968525886536,1,ai-generated,0.6,1,0,ai-generated,dataset_profile:label,1,"{""label"": 0}",mixed_images/image_000152.jpg,224,0
152,153,prithivMLmods/AI-vs-Deepfake-vs-Real,test,train,index:152,image,4.382589580131935e-08,0,real,0.6,1,0,ai-generated,dataset_profile:label,0,"{""label"": 0}",mixed_images/image_000153.jpg,224,0
153,154,prithivMLmods/AI-vs-Deepfake-vs-Real,test,train,index:153,image,0.6888461709022522,1,ai-generated,0.6,1,0,ai-generated,dataset_profile:label,1,"{""label"": 0}",mixed_images/image_000154.jpg,224,0
154,155,prithivMLmods/AI-vs-Deepfake-vs-Real,test,train,index:154,image,0.7739971876144409,1,ai-generated,0.6,1,0,ai-generated,dataset_profile:label,1,"{""label"": 0}",mixed_images/image_000155.jpg,224,0
155,156,prithivMLmods/AI-vs-Deepfake-vs-Real,test,train,index:155,image,0.998996913433075,1,ai-generated,0.6,1,0,ai-generated,dataset_profile:label,1,"{""label"": 0}",mixed_images/image_000156.jpg,224,0
156,157,prithivMLmods/AI-vs-Deepfake-vs-Real,test,train,index:156,image,5.663699994329363e-06,0,real,0.6,1,0,ai-generated,dataset_profile:label,0,"{""label"": 0}",mixed_images/image_000157.jpg,224,0
157,158,prithivMLmods/AI-vs-Deepfake-vs-Real,test,train,index:157,image,0.894075870513916,1,ai-generated,0.6,1,0,ai-generated,dataset_profile:label,1,"{""label"": 0}",mixed_images/image_000158.jpg,224,0
158,159,prithivMLmods/AI-vs-Deepfake-vs-Real,test,train,index:158,image,3.357811237947317e-07,0,real,0.6,1,0,ai-generated,dataset_profile:label,0,"{""label"": 0}",mixed_images/image_000159.jpg,224,0
159,160,prithivMLmods/AI-vs-Deepfake-vs-Real,test,train,index:159,image,0.9235047101974487,1,ai-generated,0.6,1,0,ai-generated,dataset_profile:label,1,"{""label"": 0}",mixed_images/image_000160.jpg,224,0
160,161,prithivMLmods/AI-vs-Deepfake-vs-Real,test,train,index:160,image,0.7867511510848999,1,ai-generated,0.6,1,0,ai-generated,dataset_profile:label,1,"{""label"": 0}",mixed_images/image_000161.jpg,224,0
161,162,prithivMLmods/AI-vs-Deepfake-vs-Real,test,train,index:161,image,0.5112394094467163,0,real,0.6,1,0,ai-generated,dataset_profile:label,0,"{""label"": 0}",mixed_images/image_000162.jpg,224,0
162,163,prithivMLmods/AI-vs-Deepfake-vs-Real,test,train,index:162,image,0.01169590838253498,0,real,0.6,1,0,ai-generated,dataset_profile:label,0,"{""label"": 0}",mixed_images/image_000163.jpg,224,0
163,164,prithivMLmods/AI-vs-Deepfake-vs-Real,test,train,index:163,image,0.9999597072601318,1,ai-generated,0.6,1,0,ai-generated,dataset_profile:label,1,"{""label"": 0}",mixed_images/image_000164.jpg,224,0
164,165,prithivMLmods/AI-vs-Deepfake-vs-Real,test,train,index:164,image,0.9999936819076538,1,ai-generated,0.6,1,0,ai-generated,dataset_profile:label,1,"{""label"": 0}",mixed_images/image_000165.jpg,224,0
165,166,prithivMLmods/AI-vs-Deepfake-vs-Real,test,train,index:165,image,0.8923922777175903,1,ai-generated,0.6,1,0,ai-generated,dataset_profile:label,1,"{""label"": 0}",mixed_images/image_000166.jpg,224,0
166,167,prithivMLmods/AI-vs-Deepfake-vs-Real,test,train,index:166,image,0.6513755321502686,1,ai-generated,0.6,1,0,ai-generated,dataset_profile:label,1,"{""label"": 0}",mixed_images/image_000167.jpg,224,0
167,168,prithivMLmods/AI-vs-Deepfake-vs-Real,test,train,index:167,image,2.5332739513961658e-14,0,real,0.6,1,0,ai-generated,dataset_profile:label,0,"{""label"": 0}",mixed_images/image_000168.jpg,224,0
168,169,prithivMLmods/AI-vs-Deepfake-vs-Real,test,train,index:168,image,0.4255926311016083,0,real,0.6,1,0,ai-generated,dataset_profile:label,0,"{""label"": 0}",mixed_images/image_000169.jpg,224,0
169,170,prithivMLmods/AI-vs-Deepfake-vs-Real,test,train,index:169,image,0.7004738450050354,1,ai-generated,0.6,1,0,ai-generated,dataset_profile:label,1,"{""label"": 0}",mixed_images/image_000170.jpg,224,0
170,171,prithivMLmods/AI-vs-Deepfake-vs-Real,test,train,index:170,image,0.9999978542327881,1,ai-generated,0.6,1,0,ai-generated,dataset_profile:label,1,"{""label"": 0}",mixed_images/image_000171.jpg,224,0
171,172,prithivMLmods/AI-vs-Deepfake-vs-Real,test,train,index:171,image,0.9936238527297974,1,ai-generated,0.6,1,0,ai-generated,dataset_profile:label,1,"{""label"": 0}",mixed_images/image_000172.jpg,224,0
172,173,prithivMLmods/AI-vs-Deepfake-vs-Real,test,train,index:172,image,0.9640340805053711,1,ai-generated,0.6,1,0,ai-generated,dataset_profile:label,1,"{""label"": 0}",mixed_images/image_000173.jpg,224,0
173,174,prithivMLmods/AI-vs-Deepfake-vs-Real,test,train,index:173,image,0.9999290704727173,1,ai-generated,0.6,1,0,ai-generated,dataset_profile:label,1,"{""label"": 0}",mixed_images/image_000174.jpg,224,0
174,175,prithivMLmods/AI-vs-Deepfake-vs-Real,test,train,index:174,image,0.3563331961631775,0,real,0.6,1,0,ai-generated,dataset_profile:label,0,"{""label"": 0}",mixed_images/image_000175.jpg,224,0
175,176,prithivMLmods/AI-vs-Deepfake-vs-Real,test,train,index:175,image,0.014706037007272243,0,real,0.6,1,0,ai-generated,dataset_profile:label,0,"{""label"": 0}",mixed_images/image_000176.jpg,224,0
176,177,prithivMLmods/AI-vs-Deepfake-vs-Real,test,train,index:176,image,0.9996296167373657,1,ai-generated,0.6,1,0,ai-generated,dataset_profile:label,1,"{""label"": 0}",mixed_images/image_000177.jpg,224,0
177,178,prithivMLmods/AI-vs-Deepfake-vs-Real,test,train,index:177,image,0.07037166506052017,0,real,0.6,1,0,ai-generated,dataset_profile:label,0,"{""label"": 0}",mixed_images/image_000178.jpg,224,0
178,179,prithivMLmods/AI-vs-Deepfake-vs-Real,test,train,index:178,image,0.6531177163124084,1,ai-generated,0.6,1,0,ai-generated,dataset_profile:label,1,"{""label"": 0}",mixed_images/image_000179.jpg,224,0
179,180,prithivMLmods/AI-vs-Deepfake-vs-Real,test,train,index:179,image,0.8929416537284851,1,ai-generated,0.6,1,0,ai-generated,dataset_profile:label,1,"{""label"": 0}",mixed_images/image_000180.jpg,224,0
180,181,prithivMLmods/AI-vs-Deepfake-vs-Real,test,train,index:180,image,0.00015855199308134615,0,real,0.6,1,0,ai-generated,dataset_profile:label,0,"{""label"": 0}",mixed_images/image_000181.jpg,224,0
181,182,prithivMLmods/AI-vs-Deepfake-vs-Real,test,train,index:181,image,0.9981768131256104,1,ai-generated,0.6,1,0,ai-generated,dataset_profile:label,1,"{""label"": 0}",mixed_images/image_000182.jpg,224,0
182,183,prithivMLmods/AI-vs-Deepfake-vs-Real,test,train,index:182,image,0.8470260500907898,1,ai-generated,0.6,1,0,ai-generated,dataset_profile:label,1,"{""label"": 0}",mixed_images/image_000183.jpg,224,0
183,184,prithivMLmods/AI-vs-Deepfake-vs-Real,test,train,index:183,image,0.9896239638328552,1,ai-generated,0.6,1,0,ai-generated,dataset_profile:label,1,"{""label"": 0}",mixed_images/image_000184.jpg,224,0
184,185,prithivMLmods/AI-vs-Deepfake-vs-Real,test,train,index:184,image,0.559930682182312,0,real,0.6,1,0,ai-generated,dataset_profile:label,0,"{""label"": 0}",mixed_images/image_000185.jpg,224,0
185,186,prithivMLmods/AI-vs-Deepfake-vs-Real,test,train,index:185,image,0.08096636831760406,0,real,0.6,1,0,ai-generated,dataset_profile:label,0,"{""label"": 0}",mixed_images/image_000186.jpg,224,0
186,187,prithivMLmods/AI-vs-Deepfake-vs-Real,test,train,index:186,image,0.7566988468170166,1,ai-generated,0.6,1,0,ai-generated,dataset_profile:label,1,"{""label"": 0}",mixed_images/image_000187.jpg,224,0
187,188,prithivMLmods/AI-vs-Deepfake-vs-Real,test,train,index:187,image,0.36694517731666565,0,real,0.6,1,0,ai-generated,dataset_profile:label,0,"{""label"": 0}",mixed_images/image_000188.jpg,224,0
188,189,prithivMLmods/AI-vs-Deepfake-vs-Real,test,train,index:188,image,0.9919006824493408,1,ai-generated,0.6,1,0,ai-generated,dataset_profile:label,1,"{""label"": 0}",mixed_images/image_000189.jpg,224,0
189,190,prithivMLmods/AI-vs-Deepfake-vs-Real,test,train,index:189,image,0.734031081199646,1,ai-generated,0.6,1,0,ai-generated,dataset_profile:label,1,"{""label"": 0}",mixed_images/image_000190.jpg,224,0
190,191,prithivMLmods/AI-vs-Deepfake-vs-Real,test,train,index:190,image,0.9948909282684326,1,ai-generated,0.6,1,0,ai-generated,dataset_profile:label,1,"{""label"": 0}",mixed_images/image_000191.jpg,224,0
191,192,prithivMLmods/AI-vs-Deepfake-vs-Real,test,train,index:191,image,0.1799761950969696,0,real,0.6,1,0,ai-generated,dataset_profile:label,0,"{""label"": 0}",mixed_images/image_000192.jpg,224,0
192,193,prithivMLmods/AI-vs-Deepfake-vs-Real,test,train,index:192,image,1.779552394332029e-09,0,real,0.6,1,0,ai-generated,dataset_profile:label,0,"{""label"": 0}",mixed_images/image_000193.jpg,224,0
193,194,prithivMLmods/AI-vs-Deepfake-vs-Real,test,train,index:193,image,0.7430019378662109,1,ai-generated,0.6,1,0,ai-generated,dataset_profile:label,1,"{""label"": 0}",mixed_images/image_000194.jpg,224,0
194,195,prithivMLmods/AI-vs-Deepfake-vs-Real,test,train,index:194,image,6.764048157492653e-05,0,real,0.6,1,0,ai-generated,dataset_profile:label,0,"{""label"": 0}",mixed_images/image_000195.jpg,224,0
195,196,prithivMLmods/AI-vs-Deepfake-vs-Real,test,train,index:195,image,0.8399865627288818,1,ai-generated,0.6,1,0,ai-generated,dataset_profile:label,1,"{""label"": 0}",mixed_images/image_000196.jpg,224,0
196,197,prithivMLmods/AI-vs-Deepfake-vs-Real,test,train,index:196,image,0.004092900548130274,0,real,0.6,1,0,ai-generated,dataset_profile:label,0,"{""label"": 0}",mixed_images/image_000197.jpg,224,0
197,198,prithivMLmods/AI-vs-Deepfake-vs-Real,test,train,index:197,image,0.20996539294719696,0,real,0.6,1,0,ai-generated,dataset_profile:label,0,"{""label"": 0}",mixed_images/image_000198.jpg,224,0
198,199,prithivMLmods/AI-vs-Deepfake-vs-Real,test,train,index:198,image,0.16327117383480072,0,real,0.6,1,0,ai-generated,dataset_profile:label,0,"{""label"": 0}",mixed_images/image_000199.jpg,224,0
199,200,prithivMLmods/AI-vs-Deepfake-vs-Real,test,train,index:199,image,0.8049188852310181,1,ai-generated,0.6,1,0,ai-generated,dataset_profile:label,1,"{""label"": 0}",mixed_images/image_000200.jpg,224,0
200,201,prithivMLmods/AI-vs-Deepfake-vs-Real,test,train,index:200,image,0.00019511242862790823,0,real,0.6,1,0,ai-generated,dataset_profile:label,0,"{""label"": 0}",mixed_images/image_000201.jpg,224,0
201,202,prithivMLmods/AI-vs-Deepfake-vs-Real,test,train,index:201,image,7.534168844358646e-09,0,real,0.6,1,0,ai-generated,dataset_profile:label,0,"{""label"": 0}",mixed_images/image_000202.jpg,224,0
202,203,prithivMLmods/AI-vs-Deepfake-vs-Real,test,train,index:202,image,0.9999995231628418,1,ai-generated,0.6,1,0,ai-generated,dataset_profile:label,1,"{""label"": 0}",mixed_images/image_000203.jpg,224,0
203,204,prithivMLmods/AI-vs-Deepfake-vs-Real,test,train,index:203,image,8.289342076750472e-05,0,real,0.6,1,0,ai-generated,dataset_profile:label,0,"{""label"": 0}",mixed_images/image_000204.jpg,224,0
204,205,prithivMLmods/AI-vs-Deepfake-vs-Real,test,train,index:204,image,0.8868600726127625,1,ai-generated,0.6,1,0,ai-generated,dataset_profile:label,1,"{""label"": 0}",mixed_images/image_000205.jpg,224,0
205,206,prithivMLmods/AI-vs-Deepfake-vs-Real,test,train,index:205,image,0.09237094968557358,0,real,0.6,1,0,ai-generated,dataset_profile:label,0,"{""label"": 0}",mixed_images/image_000206.jpg,224,0
206,207,prithivMLmods/AI-vs-Deepfake-vs-Real,test,train,index:206,image,0.01704014092683792,0,real,0.6,1,0,ai-generated,dataset_profile:label,0,"{""label"": 0}",mixed_images/image_000207.jpg,224,0
207,208,prithivMLmods/AI-vs-Deepfake-vs-Real,test,train,index:207,image,0.08244436234235764,0,real,0.6,1,0,ai-generated,dataset_profile:label,0,"{""label"": 0}",mixed_images/image_000208.jpg,224,0
208,209,prithivMLmods/AI-vs-Deepfake-vs-Real,test,train,index:208,image,0.0049592419527471066,0,real,0.6,1,0,ai-generated,dataset_profile:label,0,"{""label"": 0}",mixed_images/image_000209.jpg,224,0
209,210,prithivMLmods/AI-vs-Deepfake-vs-Real,test,train,index:209,image,0.999424934387207,1,ai-generated,0.6,1,0,ai-generated,dataset_profile:label,1,"{""label"": 0}",mixed_images/image_000210.jpg,224,0
210,211,prithivMLmods/AI-vs-Deepfake-vs-Real,test,train,index:210,image,0.2790738344192505,0,real,0.6,1,0,ai-generated,dataset_profile:label,0,"{""label"": 0}",mixed_images/image_000211.jpg,224,0
211,212,prithivMLmods/AI-vs-Deepfake-vs-Real,test,train,index:211,image,0.40544363856315613,0,real,0.6,1,0,ai-generated,dataset_profile:label,0,"{""label"": 0}",mixed_images/image_000212.jpg,224,0
212,213,prithivMLmods/AI-vs-Deepfake-vs-Real,test,train,index:212,image,0.9966713786125183,1,ai-generated,0.6,1,0,ai-generated,dataset_profile:label,1,"{""label"": 0}",mixed_images/image_000213.jpg,224,0
213,214,prithivMLmods/AI-vs-Deepfake-vs-Real,test,train,index:213,image,8.398968930123374e-06,0,real,0.6,1,0,ai-generated,dataset_profile:label,0,"{""label"": 0}",mixed_images/image_000214.jpg,224,0
214,215,prithivMLmods/AI-vs-Deepfake-vs-Real,test,train,index:214,image,0.35944080352783203,0,real,0.6,1,0,ai-generated,dataset_profile:label,0,"{""label"": 0}",mixed_images/image_000215.jpg,224,0
215,216,prithivMLmods/AI-vs-Deepfake-vs-Real,test,train,index:215,image,0.5693588852882385,0,real,0.6,1,0,ai-generated,dataset_profile:label,0,"{""label"": 0}",mixed_images/image_000216.jpg,224,0
216,217,prithivMLmods/AI-vs-Deepfake-vs-Real,test,train,index:216,image,0.28133052587509155,0,real,0.6,1,0,ai-generated,dataset_profile:label,0,"{""label"": 0}",mixed_images/image_000217.jpg,224,0
217,218,prithivMLmods/AI-vs-Deepfake-vs-Real,test,train,index:217,image,1.812345260532311e-07,0,real,0.6,1,0,ai-generated,dataset_profile:label,0,"{""label"": 0}",mixed_images/image_000218.jpg,224,0
218,219,prithivMLmods/AI-vs-Deepfake-vs-Real,test,train,index:218,image,0.2637006342411041,0,real,0.6,1,0,ai-generated,dataset_profile:label,0,"{""label"": 0}",mixed_images/image_000219.jpg,224,0
219,220,prithivMLmods/AI-vs-Deepfake-vs-Real,test,train,index:219,image,0.986226499080658,1,ai-generated,0.6,1,0,ai-generated,dataset_profile:label,1,"{""label"": 0}",mixed_images/image_000220.jpg,224,0
220,221,prithivMLmods/AI-vs-Deepfake-vs-Real,test,train,index:220,image,0.1634078174829483,0,real,0.6,1,0,ai-generated,dataset_profile:label,0,"{""label"": 0}",mixed_images/image_000221.jpg,224,0
221,222,prithivMLmods/AI-vs-Deepfake-vs-Real,test,train,index:221,image,0.0032615906093269587,0,real,0.6,1,0,ai-generated,dataset_profile:label,0,"{""label"": 0}",mixed_images/image_000222.jpg,224,0
222,223,prithivMLmods/AI-vs-Deepfake-vs-Real,test,train,index:222,image,3.6278295922897996e-09,0,real,0.6,1,0,ai-generated,dataset_profile:label,0,"{""label"": 0}",mixed_images/image_000223.jpg,224,0
223,224,prithivMLmods/AI-vs-Deepfake-vs-Real,test,train,index:223,image,0.4418759346008301,0,real,0.6,1,0,ai-generated,dataset_profile:label,0,"{""label"": 0}",mixed_images/image_000224.jpg,224,0
224,225,prithivMLmods/AI-vs-Deepfake-vs-Real,test,train,index:224,image,0.006686241831630468,0,real,0.6,1,0,ai-generated,dataset_profile:label,0,"{""label"": 0}",mixed_images/image_000225.jpg,224,0
225,226,prithivMLmods/AI-vs-Deepfake-vs-Real,test,train,index:225,image,0.06082034111022949,0,real,0.6,1,0,ai-generated,dataset_profile:label,0,"{""label"": 0}",mixed_images/image_000226.jpg,224,0
226,227,prithivMLmods/AI-vs-Deepfake-vs-Real,test,train,index:226,image,0.8853445053100586,1,ai-generated,0.6,1,0,ai-generated,dataset_profile:label,1,"{""label"": 0}",mixed_images/image_000227.jpg,224,0
227,228,prithivMLmods/AI-vs-Deepfake-vs-Real,test,train,index:227,image,3.678311770727305e-07,0,real,0.6,1,0,ai-generated,dataset_profile:label,0,"{""label"": 0}",mixed_images/image_000228.jpg,224,0
228,229,prithivMLmods/AI-vs-Deepfake-vs-Real,test,train,index:228,image,0.9185430407524109,1,ai-generated,0.6,1,0,ai-generated,dataset_profile:label,1,"{""label"": 0}",mixed_images/image_000229.jpg,224,0
229,230,prithivMLmods/AI-vs-Deepfake-vs-Real,test,train,index:229,image,1.0,1,ai-generated,0.6,1,0,ai-generated,dataset_profile:label,1,"{""label"": 0}",mixed_images/image_000230.jpg,224,0
230,231,prithivMLmods/AI-vs-Deepfake-vs-Real,test,train,index:230,image,1.279159818068365e-07,0,real,0.6,1,0,ai-generated,dataset_profile:label,0,"{""label"": 0}",mixed_images/image_000231.jpg,224,0
231,232,prithivMLmods/AI-vs-Deepfake-vs-Real,test,train,index:231,image,6.74666171107674e-06,0,real,0.6,1,0,ai-generated,dataset_profile:label,0,"{""label"": 0}",mixed_images/image_000232.jpg,224,0
232,233,prithivMLmods/AI-vs-Deepfake-vs-Real,test,train,index:232,image,1.4269563308744182e-10,0,real,0.6,1,0,ai-generated,dataset_profile:label,0,"{""label"": 0}",mixed_images/image_000233.jpg,224,0
233,234,prithivMLmods/AI-vs-Deepfake-vs-Real,test,train,index:233,image,0.264813631772995,0,real,0.6,1,0,ai-generated,dataset_profile:label,0,"{""label"": 0}",mixed_images/image_000234.jpg,224,0
234,235,prithivMLmods/AI-vs-Deepfake-vs-Real,test,train,index:234,image,1.0,1,ai-generated,0.6,1,0,ai-generated,dataset_profile:label,1,"{""label"": 0}",mixed_images/image_000235.jpg,224,0
235,236,prithivMLmods/AI-vs-Deepfake-vs-Real,test,train,index:235,image,0.4830808937549591,0,real,0.6,1,0,ai-generated,dataset_profile:label,0,"{""label"": 0}",mixed_images/image_000236.jpg,224,0
236,237,prithivMLmods/AI-vs-Deepfake-vs-Real,test,train,index:236,image,0.00311945378780365,0,real,0.6,1,0,ai-generated,dataset_profile:label,0,"{""label"": 0}",mixed_images/image_000237.jpg,224,0
237,238,prithivMLmods/AI-vs-Deepfake-vs-Real,test,train,index:237,image,0.8314095139503479,1,ai-generated,0.6,1,0,ai-generated,dataset_profile:label,1,"{""label"": 0}",mixed_images/image_000238.jpg,224,0
238,239,prithivMLmods/AI-vs-Deepfake-vs-Real,test,train,index:238,image,0.9516371488571167,1,ai-generated,0.6,1,0,ai-generated,dataset_profile:label,1,"{""label"": 0}",mixed_images/image_000239.jpg,224,0
239,240,prithivMLmods/AI-vs-Deepfake-vs-Real,test,train,index:239,image,0.10545343160629272,0,real,0.6,1,0,ai-generated,dataset_profile:label,0,"{""label"": 0}",mixed_images/image_000240.jpg,224,0
240,241,prithivMLmods/AI-vs-Deepfake-vs-Real,test,train,index:240,image,0.784703254699707,1,ai-generated,0.6,1,0,ai-generated,dataset_profile:label,1,"{""label"": 0}",mixed_images/image_000241.jpg,224,0
241,242,prithivMLmods/AI-vs-Deepfake-vs-Real,test,train,index:241,image,3.964978168369271e-05,0,real,0.6,1,0,ai-generated,dataset_profile:label,0,"{""label"": 0}",mixed_images/image_000242.jpg,224,0
242,243,prithivMLmods/AI-vs-Deepfake-vs-Real,test,train,index:242,image,0.9830462336540222,1,ai-generated,0.6,1,0,ai-generated,dataset_profile:label,1,"{""label"": 0}",mixed_images/image_000243.jpg,224,0
243,244,prithivMLmods/AI-vs-Deepfake-vs-Real,test,train,index:243,image,0.9076262712478638,1,ai-generated,0.6,1,0,ai-generated,dataset_profile:label,1,"{""label"": 0}",mixed_images/image_000244.jpg,224,0
244,245,prithivMLmods/AI-vs-Deepfake-vs-Real,test,train,index:244,image,0.6246545910835266,1,ai-generated,0.6,1,0,ai-generated,dataset_profile:label,1,"{""label"": 0}",mixed_images/image_000245.jpg,224,0
245,246,prithivMLmods/AI-vs-Deepfake-vs-Real,test,train,index:245,image,0.6836749911308289,1,ai-generated,0.6,1,0,ai-generated,dataset_profile:label,1,"{""label"": 0}",mixed_images/image_000246.jpg,224,0
246,247,prithivMLmods/AI-vs-Deepfake-vs-Real,test,train,index:246,image,0.0022776934783905745,0,real,0.6,1,0,ai-generated,dataset_profile:label,0,"{""label"": 0}",mixed_images/image_000247.jpg,224,0
247,248,prithivMLmods/AI-vs-Deepfake-vs-Real,test,train,index:247,image,0.6177030801773071,1,ai-generated,0.6,1,0,ai-generated,dataset_profile:label,1,"{""label"": 0}",mixed_images/image_000248.jpg,224,0
248,249,prithivMLmods/AI-vs-Deepfake-vs-Real,test,train,index:248,image,9.668502110038446e-11,0,real,0.6,1,0,ai-generated,dataset_profile:label,0,"{""label"": 0}",mixed_images/image_000249.jpg,224,0
249,250,prithivMLmods/AI-vs-Deepfake-vs-Real,test,train,index:249,image,1.2256996632931116e-12,0,real,0.6,1,0,ai-generated,dataset_profile:label,0,"{""label"": 0}",mixed_images/image_000250.jpg,224,0
250,251,prithivMLmods/AI-vs-Deepfake-vs-Real,test,train,index:250,image,0.954783022403717,1,ai-generated,0.6,1,0,ai-generated,dataset_profile:label,1,"{""label"": 0}",mixed_images/image_000251.jpg,224,0
251,252,prithivMLmods/AI-vs-Deepfake-vs-Real,test,train,index:251,image,0.5958468914031982,0,real,0.6,1,0,ai-generated,dataset_profile:label,0,"{""label"": 0}",mixed_images/image_000252.jpg,224,0
252,253,prithivMLmods/AI-vs-Deepfake-vs-Real,test,train,index:252,image,0.5559513568878174,0,real,0.6,1,0,ai-generated,dataset_profile:label,0,"{""label"": 0}",mixed_images/image_000253.jpg,224,0
253,254,prithivMLmods/AI-vs-Deepfake-vs-Real,test,train,index:253,image,0.4522860050201416,0,real,0.6,1,0,ai-generated,dataset_profile:label,0,"{""label"": 0}",mixed_images/image_000254.jpg,224,0
254,255,prithivMLmods/AI-vs-Deepfake-vs-Real,test,train,index:254,image,0.9795194864273071,1,ai-generated,0.6,1,0,ai-generated,dataset_profile:label,1,"{""label"": 0}",mixed_images/image_000255.jpg,224,0
255,256,prithivMLmods/AI-vs-Deepfake-vs-Real,test,train,index:255,image,2.0319518512224022e-07,0,real,0.6,1,0,ai-generated,dataset_profile:label,0,"{""label"": 0}",mixed_images/image_000256.jpg,224,0
256,257,prithivMLmods/AI-vs-Deepfake-vs-Real,test,train,index:256,image,0.584359347820282,0,real,0.6,1,0,ai-generated,dataset_profile:label,0,"{""label"": 0}",mixed_images/image_000257.jpg,224,0
257,258,prithivMLmods/AI-vs-Deepfake-vs-Real,test,train,index:257,image,0.9999585151672363,1,ai-generated,0.6,1,0,ai-generated,dataset_profile:label,1,"{""label"": 0}",mixed_images/image_000258.jpg,224,0
258,259,prithivMLmods/AI-vs-Deepfake-vs-Real,test,train,index:258,image,1.3569982911576517e-05,0,real,0.6,1,0,ai-generated,dataset_profile:label,0,"{""label"": 0}",mixed_images/image_000259.jpg,224,0
259,260,prithivMLmods/AI-vs-Deepfake-vs-Real,test,train,index:259,image,0.0002171734522562474,0,real,0.6,1,0,ai-generated,dataset_profile:label,0,"{""label"": 0}",mixed_images/image_000260.jpg,224,0
260,261,prithivMLmods/AI-vs-Deepfake-vs-Real,test,train,index:260,image,0.9973867535591125,1,ai-generated,0.6,1,0,ai-generated,dataset_profile:label,1,"{""label"": 0}",mixed_images/image_000261.jpg,224,0
261,262,prithivMLmods/AI-vs-Deepfake-vs-Real,test,train,index:261,image,0.6628710031509399,1,ai-generated,0.6,1,0,ai-generated,dataset_profile:label,1,"{""label"": 0}",mixed_images/image_000262.jpg,224,0
262,263,prithivMLmods/AI-vs-Deepfake-vs-Real,test,train,index:262,image,9.524625012302668e-13,0,real,0.6,1,0,ai-generated,dataset_profile:label,0,"{""label"": 0}",mixed_images/image_000263.jpg,224,0
263,264,prithivMLmods/AI-vs-Deepfake-vs-Real,test,train,index:263,image,0.008494559675455093,0,real,0.6,1,0,ai-generated,dataset_profile:label,0,"{""label"": 0}",mixed_images/image_000264.jpg,224,0
264,265,prithivMLmods/AI-vs-Deepfake-vs-Real,test,train,index:264,image,0.18889166414737701,0,real,0.6,1,0,ai-generated,dataset_profile:label,0,"{""label"": 0}",mixed_images/image_000265.jpg,224,0
265,266,prithivMLmods/AI-vs-Deepfake-vs-Real,test,train,index:265,image,0.04067523404955864,0,real,0.6,1,0,ai-generated,dataset_profile:label,0,"{""label"": 0}",mixed_images/image_000266.jpg,224,0
266,267,prithivMLmods/AI-vs-Deepfake-vs-Real,test,train,index:266,image,9.235678194441377e-11,0,real,0.6,1,0,ai-generated,dataset_profile:label,0,"{""label"": 0}",mixed_images/image_000267.jpg,224,0
267,268,prithivMLmods/AI-vs-Deepfake-vs-Real,test,train,index:267,image,0.993780791759491,1,ai-generated,0.6,1,0,ai-generated,dataset_profile:label,1,"{""label"": 0}",mixed_images/image_000268.jpg,224,0
268,269,prithivMLmods/AI-vs-Deepfake-vs-Real,test,train,index:268,image,0.5463539958000183,0,real,0.6,1,0,ai-generated,dataset_profile:label,0,"{""label"": 0}",mixed_images/image_000269.jpg,224,0
269,270,prithivMLmods/AI-vs-Deepfake-vs-Real,test,train,index:269,image,0.9329140186309814,1,ai-generated,0.6,1,0,ai-generated,dataset_profile:label,1,"{""label"": 0}",mixed_images/image_000270.jpg,224,0
270,271,prithivMLmods/AI-vs-Deepfake-vs-Real,test,train,index:270,image,0.34933966398239136,0,real,0.6,1,0,ai-generated,dataset_profile:label,0,"{""label"": 0}",mixed_images/image_000271.jpg,224,0
271,272,prithivMLmods/AI-vs-Deepfake-vs-Real,test,train,index:271,image,0.0592801496386528,0,real,0.6,1,0,ai-generated,dataset_profile:label,0,"{""label"": 0}",mixed_images/image_000272.jpg,224,0
272,273,prithivMLmods/AI-vs-Deepfake-vs-Real,test,train,index:272,image,0.8947301506996155,1,ai-generated,0.6,1,0,ai-generated,dataset_profile:label,1,"{""label"": 0}",mixed_images/image_000273.jpg,224,0
273,274,prithivMLmods/AI-vs-Deepfake-vs-Real,test,train,index:273,image,0.0058897510170936584,0,real,0.6,1,0,ai-generated,dataset_profile:label,0,"{""label"": 0}",mixed_images/image_000274.jpg,224,0
274,275,prithivMLmods/AI-vs-Deepfake-vs-Real,test,train,index:274,image,0.9999915361404419,1,ai-generated,0.6,1,0,ai-generated,dataset_profile:label,1,"{""label"": 0}",mixed_images/image_000275.jpg,224,0
275,276,prithivMLmods/AI-vs-Deepfake-vs-Real,test,train,index:275,image,0.9997064471244812,1,ai-generated,0.6,1,0,ai-generated,dataset_profile:label,1,"{""label"": 0}",mixed_images/image_000276.jpg,224,0
276,277,prithivMLmods/AI-vs-Deepfake-vs-Real,test,train,index:276,image,0.5761315822601318,0,real,0.6,1,0,ai-generated,dataset_profile:label,0,"{""label"": 0}",mixed_images/image_000277.jpg,224,0
277,278,prithivMLmods/AI-vs-Deepfake-vs-Real,test,train,index:277,image,0.006990860216319561,0,real,0.6,1,0,ai-generated,dataset_profile:label,0,"{""label"": 0}",mixed_images/image_000278.jpg,224,0
278,279,prithivMLmods/AI-vs-Deepfake-vs-Real,test,train,index:278,image,0.5426357984542847,0,real,0.6,1,0,ai-generated,dataset_profile:label,0,"{""label"": 0}",mixed_images/image_000279.jpg,224,0
279,280,prithivMLmods/AI-vs-Deepfake-vs-Real,test,train,index:279,image,0.09952635318040848,0,real,0.6,1,0,ai-generated,dataset_profile:label,0,"{""label"": 0}",mixed_images/image_000280.jpg,224,0
280,281,prithivMLmods/AI-vs-Deepfake-vs-Real,test,train,index:280,image,3.9189393952199225e-09,0,real,0.6,1,0,ai-generated,dataset_profile:label,0,"{""label"": 0}",mixed_images/image_000281.jpg,224,0
281,282,prithivMLmods/AI-vs-Deepfake-vs-Real,test,train,index:281,image,0.6871904730796814,1,ai-generated,0.6,1,0,ai-generated,dataset_profile:label,1,"{""label"": 0}",mixed_images/image_000282.jpg,224,0
282,283,prithivMLmods/AI-vs-Deepfake-vs-Real,test,train,index:282,image,0.9931778907775879,1,ai-generated,0.6,1,0,ai-generated,dataset_profile:label,1,"{""label"": 0}",mixed_images/image_000283.jpg,224,0
283,284,prithivMLmods/AI-vs-Deepfake-vs-Real,test,train,index:283,image,0.6730350852012634,1,ai-generated,0.6,1,0,ai-generated,dataset_profile:label,1,"{""label"": 0}",mixed_images/image_000284.jpg,224,0
284,285,prithivMLmods/AI-vs-Deepfake-vs-Real,test,train,index:284,image,0.0004400781763251871,0,real,0.6,1,0,ai-generated,dataset_profile:label,0,"{""label"": 0}",mixed_images/image_000285.jpg,224,0
285,286,prithivMLmods/AI-vs-Deepfake-vs-Real,test,train,index:285,image,4.5892043999629095e-05,0,real,0.6,1,0,ai-generated,dataset_profile:label,0,"{""label"": 0}",mixed_images/image_000286.jpg,224,0
286,287,prithivMLmods/AI-vs-Deepfake-vs-Real,test,train,index:286,image,0.6167599558830261,1,ai-generated,0.6,1,0,ai-generated,dataset_profile:label,1,"{""label"": 0}",mixed_images/image_000287.jpg,224,0
287,288,prithivMLmods/AI-vs-Deepfake-vs-Real,test,train,index:287,image,0.8967884182929993,1,ai-generated,0.6,1,0,ai-generated,dataset_profile:label,1,"{""label"": 0}",mixed_images/image_000288.jpg,224,0
288,289,prithivMLmods/AI-vs-Deepfake-vs-Real,test,train,index:288,image,0.2828002870082855,0,real,0.6,1,0,ai-generated,dataset_profile:label,0,"{""label"": 0}",mixed_images/image_000289.jpg,224,0
289,290,prithivMLmods/AI-vs-Deepfake-vs-Real,test,train,index:289,image,0.6433496475219727,1,ai-generated,0.6,1,0,ai-generated,dataset_profile:label,1,"{""label"": 0}",mixed_images/image_000290.jpg,224,0
290,291,prithivMLmods/AI-vs-Deepfake-vs-Real,test,train,index:290,image,0.7695460915565491,1,ai-generated,0.6,1,0,ai-generated,dataset_profile:label,1,"{""label"": 0}",mixed_images/image_000291.jpg,224,0
291,292,prithivMLmods/AI-vs-Deepfake-vs-Real,test,train,index:291,image,0.9960455298423767,1,ai-generated,0.6,1,0,ai-generated,dataset_profile:label,1,"{""label"": 0}",mixed_images/image_000292.jpg,224,0
292,293,prithivMLmods/AI-vs-Deepfake-vs-Real,test,train,index:292,image,0.6760706901550293,1,ai-generated,0.6,1,0,ai-generated,dataset_profile:label,1,"{""label"": 0}",mixed_images/image_000293.jpg,224,0
293,294,prithivMLmods/AI-vs-Deepfake-vs-Real,test,train,index:293,image,0.9999072551727295,1,ai-generated,0.6,1,0,ai-generated,dataset_profile:label,1,"{""label"": 0}",mixed_images/image_000294.jpg,224,0
294,295,prithivMLmods/AI-vs-Deepfake-vs-Real,test,train,index:294,image,0.12213660776615143,0,real,0.6,1,0,ai-generated,dataset_profile:label,0,"{""label"": 0}",mixed_images/image_000295.jpg,224,0
295,296,prithivMLmods/AI-vs-Deepfake-vs-Real,test,train,index:295,image,0.0656440332531929,0,real,0.6,1,0,ai-generated,dataset_profile:label,0,"{""label"": 0}",mixed_images/image_000296.jpg,224,0
296,297,prithivMLmods/AI-vs-Deepfake-vs-Real,test,train,index:296,image,0.14310798048973083,0,real,0.6,1,0,ai-generated,dataset_profile:label,0,"{""label"": 0}",mixed_images/image_000297.jpg,224,0
297,298,prithivMLmods/AI-vs-Deepfake-vs-Real,test,train,index:297,image,0.3102553188800812,0,real,0.6,1,0,ai-generated,dataset_profile:label,0,"{""label"": 0}",mixed_images/image_000298.jpg,224,0
298,299,prithivMLmods/AI-vs-Deepfake-vs-Real,test,train,index:298,image,1.1582762997372046e-18,0,real,0.6,1,0,ai-generated,dataset_profile:label,0,"{""label"": 0}",mixed_images/image_000299.jpg,224,0
299,300,prithivMLmods/AI-vs-Deepfake-vs-Real,test,train,index:299,image,0.002376020420342684,0,real,0.6,1,0,ai-generated,dataset_profile:label,0,"{""label"": 0}",mixed_images/image_000300.jpg,224,0
300,301,prithivMLmods/AI-vs-Deepfake-vs-Real,test,train,index:300,image,0.008879618719220161,0,real,0.6,1,0,ai-generated,dataset_profile:label,0,"{""label"": 0}",mixed_images/image_000301.jpg,224,0
301,302,prithivMLmods/AI-vs-Deepfake-vs-Real,test,train,index:301,image,0.31264904141426086,0,real,0.6,1,0,ai-generated,dataset_profile:label,0,"{""label"": 0}",mixed_images/image_000302.jpg,224,0
302,303,prithivMLmods/AI-vs-Deepfake-vs-Real,test,train,index:302,image,1.5416391363487492e-07,0,real,0.6,1,0,ai-generated,dataset_profile:label,0,"{""label"": 0}",mixed_images/image_000303.jpg,224,0
303,304,prithivMLmods/AI-vs-Deepfake-vs-Real,test,train,index:303,image,0.5171456336975098,0,real,0.6,1,0,ai-generated,dataset_profile:label,0,"{""label"": 0}",mixed_images/image_000304.jpg,224,0
304,305,prithivMLmods/AI-vs-Deepfake-vs-Real,test,train,index:304,image,0.6711682081222534,1,ai-generated,0.6,1,0,ai-generated,dataset_profile:label,1,"{""label"": 0}",mixed_images/image_000305.jpg,224,0
305,306,prithivMLmods/AI-vs-Deepfake-vs-Real,test,train,index:305,image,0.00020923669217154384,0,real,0.6,1,0,ai-generated,dataset_profile:label,0,"{""label"": 0}",mixed_images/image_000306.jpg,224,0
306,307,prithivMLmods/AI-vs-Deepfake-vs-Real,test,train,index:306,image,8.956653778022239e-14,0,real,0.6,1,0,ai-generated,dataset_profile:label,0,"{""label"": 0}",mixed_images/image_000307.jpg,224,0
307,308,prithivMLmods/AI-vs-Deepfake-vs-Real,test,train,index:307,image,0.4890912175178528,0,real,0.6,1,0,ai-generated,dataset_profile:label,0,"{""label"": 0}",mixed_images/image_000308.jpg,224,0
308,309,prithivMLmods/AI-vs-Deepfake-vs-Real,test,train,index:308,image,0.719731330871582,1,ai-generated,0.6,1,0,ai-generated,dataset_profile:label,1,"{""label"": 0}",mixed_images/image_000309.jpg,224,0
309,310,prithivMLmods/AI-vs-Deepfake-vs-Real,test,train,index:309,image,0.170562282204628,0,real,0.6,1,0,ai-generated,dataset_profile:label,0,"{""label"": 0}",mixed_images/image_000310.jpg,224,0
310,311,prithivMLmods/AI-vs-Deepfake-vs-Real,test,train,index:310,image,0.007770787458866835,0,real,0.6,1,0,ai-generated,dataset_profile:label,0,"{""label"": 0}",mixed_images/image_000311.jpg,224,0
311,312,prithivMLmods/AI-vs-Deepfake-vs-Real,test,train,index:311,image,0.027839409187436104,0,real,0.6,1,0,ai-generated,dataset_profile:label,0,"{""label"": 0}",mixed_images/image_000312.jpg,224,0
312,313,prithivMLmods/AI-vs-Deepfake-vs-Real,test,train,index:312,image,0.4484957456588745,0,real,0.6,1,0,ai-generated,dataset_profile:label,0,"{""label"": 0}",mixed_images/image_000313.jpg,224,0
313,314,prithivMLmods/AI-vs-Deepfake-vs-Real,test,train,index:313,image,0.05927819386124611,0,real,0.6,1,0,ai-generated,dataset_profile:label,0,"{""label"": 0}",mixed_images/image_000314.jpg,224,0
314,315,prithivMLmods/AI-vs-Deepfake-vs-Real,test,train,index:314,image,0.1538209319114685,0,real,0.6,1,0,ai-generated,dataset_profile:label,0,"{""label"": 0}",mixed_images/image_000315.jpg,224,0
315,316,prithivMLmods/AI-vs-Deepfake-vs-Real,test,train,index:315,image,0.9986968636512756,1,ai-generated,0.6,1,0,ai-generated,dataset_profile:label,1,"{""label"": 0}",mixed_images/image_000316.jpg,224,0
316,317,prithivMLmods/AI-vs-Deepfake-vs-Real,test,train,index:316,image,0.9999780654907227,1,ai-generated,0.6,1,0,ai-generated,dataset_profile:label,1,"{""label"": 0}",mixed_images/image_000317.jpg,224,0
317,318,prithivMLmods/AI-vs-Deepfake-vs-Real,test,train,index:317,image,0.6410250067710876,1,ai-generated,0.6,1,0,ai-generated,dataset_profile:label,1,"{""label"": 0}",mixed_images/image_000318.jpg,224,0
318,319,prithivMLmods/AI-vs-Deepfake-vs-Real,test,train,index:318,image,0.963350236415863,1,ai-generated,0.6,1,0,ai-generated,dataset_profile:label,1,"{""label"": 0}",mixed_images/image_000319.jpg,224,0
319,320,prithivMLmods/AI-vs-Deepfake-vs-Real,test,train,index:319,image,0.011898607015609741,0,real,0.6,1,0,ai-generated,dataset_profile:label,0,"{""label"": 0}",mixed_images/image_000320.jpg,224,0
320,321,prithivMLmods/AI-vs-Deepfake-vs-Real,test,train,index:320,image,0.7678127884864807,1,ai-generated,0.6,1,0,ai-generated,dataset_profile:label,1,"{""label"": 0}",mixed_images/image_000321.jpg,224,0
321,322,prithivMLmods/AI-vs-Deepfake-vs-Real,test,train,index:321,image,0.5158867835998535,0,real,0.6,1,0,ai-generated,dataset_profile:label,0,"{""label"": 0}",mixed_images/image_000322.jpg,224,0
322,323,prithivMLmods/AI-vs-Deepfake-vs-Real,test,train,index:322,image,0.996903121471405,1,ai-generated,0.6,1,0,ai-generated,dataset_profile:label,1,"{""label"": 0}",mixed_images/image_000323.jpg,224,0
323,324,prithivMLmods/AI-vs-Deepfake-vs-Real,test,train,index:323,image,9.778938201326958e-16,0,real,0.6,1,0,ai-generated,dataset_profile:label,0,"{""label"": 0}",mixed_images/image_000324.jpg,224,0
324,325,prithivMLmods/AI-vs-Deepfake-vs-Real,test,train,index:324,image,0.9848894476890564,1,ai-generated,0.6,1,0,ai-generated,dataset_profile:label,1,"{""label"": 0}",mixed_images/image_000325.jpg,224,0
325,326,prithivMLmods/AI-vs-Deepfake-vs-Real,test,train,index:325,image,0.008095533587038517,0,real,0.6,1,0,ai-generated,dataset_profile:label,0,"{""label"": 0}",mixed_images/image_000326.jpg,224,0
326,327,prithivMLmods/AI-vs-Deepfake-vs-Real,test,train,index:326,image,0.9934033751487732,1,ai-generated,0.6,1,0,ai-generated,dataset_profile:label,1,"{""label"": 0}",mixed_images/image_000327.jpg,224,0
327,328,prithivMLmods/AI-vs-Deepfake-vs-Real,test,train,index:327,image,1.0486158789164632e-13,0,real,0.6,1,0,ai-generated,dataset_profile:label,0,"{""label"": 0}",mixed_images/image_000328.jpg,224,0
328,329,prithivMLmods/AI-vs-Deepfake-vs-Real,test,train,index:328,image,0.9336775541305542,1,ai-generated,0.6,1,0,ai-generated,dataset_profile:label,1,"{""label"": 0}",mixed_images/image_000329.jpg,224,0
329,330,prithivMLmods/AI-vs-Deepfake-vs-Real,test,train,index:329,image,0.6560017466545105,1,ai-generated,0.6,1,0,ai-generated,dataset_profile:label,1,"{""label"": 0}",mixed_images/image_000330.jpg,224,0
330,331,prithivMLmods/AI-vs-Deepfake-vs-Real,test,train,index:330,image,2.225005627605383e-14,0,real,0.6,1,0,ai-generated,dataset_profile:label,0,"{""label"": 0}",mixed_images/image_000331.jpg,224,0
331,332,prithivMLmods/AI-vs-Deepfake-vs-Real,test,train,index:331,image,0.050155721604824066,0,real,0.6,1,0,ai-generated,dataset_profile:label,0,"{""label"": 0}",mixed_images/image_000332.jpg,224,0
332,333,prithivMLmods/AI-vs-Deepfake-vs-Real,test,train,index:332,image,5.4286676459014416e-05,0,real,0.6,1,0,ai-generated,dataset_profile:label,0,"{""label"": 0}",mixed_images/image_000333.jpg,224,0
333,334,prithivMLmods/AI-vs-Deepfake-vs-Real,test,train,index:333,image,0.9995920062065125,1,ai-generated,0.6,1,0,ai-generated,dataset_profile:label,1,"{""label"": 0}",mixed_images/image_000334.jpg,224,0
334,335,prithivMLmods/AI-vs-Deepfake-vs-Real,test,train,index:334,image,0.9939191341400146,1,ai-generated,0.6,1,0,ai-generated,dataset_profile:label,1,"{""label"": 0}",mixed_images/image_000335.jpg,224,0
335,336,prithivMLmods/AI-vs-Deepfake-vs-Real,test,train,index:335,image,1.504878127889242e-05,0,real,0.6,1,0,ai-generated,dataset_profile:label,0,"{""label"": 0}",mixed_images/image_000336.jpg,224,0
336,337,prithivMLmods/AI-vs-Deepfake-vs-Real,test,train,index:336,image,0.39618656039237976,0,real,0.6,1,0,ai-generated,dataset_profile:label,0,"{""label"": 0}",mixed_images/image_000337.jpg,224,0
337,338,prithivMLmods/AI-vs-Deepfake-vs-Real,test,train,index:337,image,0.05396318808197975,0,real,0.6,1,0,ai-generated,dataset_profile:label,0,"{""label"": 0}",mixed_images/image_000338.jpg,224,0
338,339,prithivMLmods/AI-vs-Deepfake-vs-Real,test,train,index:338,image,0.002308705123141408,0,real,0.6,1,0,ai-generated,dataset_profile:label,0,"{""label"": 0}",mixed_images/image_000339.jpg,224,0
339,340,prithivMLmods/AI-vs-Deepfake-vs-Real,test,train,index:339,image,0.8088326454162598,1,ai-generated,0.6,1,0,ai-generated,dataset_profile:label,1,"{""label"": 0}",mixed_images/image_000340.jpg,224,0
340,341,prithivMLmods/AI-vs-Deepfake-vs-Real,test,train,index:340,image,0.003874408081173897,0,real,0.6,1,0,ai-generated,dataset_profile:label,0,"{""label"": 0}",mixed_images/image_000341.jpg,224,0
341,342,prithivMLmods/AI-vs-Deepfake-vs-Real,test,train,index:341,image,2.6375948536383476e-08,0,real,0.6,1,0,ai-generated,dataset_profile:label,0,"{""label"": 0}",mixed_images/image_000342.jpg,224,0
342,343,prithivMLmods/AI-vs-Deepfake-vs-Real,test,train,index:342,image,0.4094786047935486,0,real,0.6,1,0,ai-generated,dataset_profile:label,0,"{""label"": 0}",mixed_images/image_000343.jpg,224,0
343,344,prithivMLmods/AI-vs-Deepfake-vs-Real,test,train,index:343,image,0.0020259087905287743,0,real,0.6,1,0,ai-generated,dataset_profile:label,0,"{""label"": 0}",mixed_images/image_000344.jpg,224,0
344,345,prithivMLmods/AI-vs-Deepfake-vs-Real,test,train,index:344,image,0.9918993711471558,1,ai-generated,0.6,1,0,ai-generated,dataset_profile:label,1,"{""label"": 0}",mixed_images/image_000345.jpg,224,0
345,346,prithivMLmods/AI-vs-Deepfake-vs-Real,test,train,index:345,image,0.14697302877902985,0,real,0.6,1,0,ai-generated,dataset_profile:label,0,"{""label"": 0}",mixed_images/image_000346.jpg,224,0
346,347,prithivMLmods/AI-vs-Deepfake-vs-Real,test,train,index:346,image,0.9943699240684509,1,ai-generated,0.6,1,0,ai-generated,dataset_profile:label,1,"{""label"": 0}",mixed_images/image_000347.jpg,224,0
347,348,prithivMLmods/AI-vs-Deepfake-vs-Real,test,train,index:347,image,0.2683638036251068,0,real,0.6,1,0,ai-generated,dataset_profile:label,0,"{""label"": 0}",mixed_images/image_000348.jpg,224,0
348,349,prithivMLmods/AI-vs-Deepfake-vs-Real,test,train,index:348,image,0.4380877614021301,0,real,0.6,1,0,ai-generated,dataset_profile:label,0,"{""label"": 0}",mixed_images/image_000349.jpg,224,0
349,350,prithivMLmods/AI-vs-Deepfake-vs-Real,test,train,index:349,image,0.39084485173225403,0,real,0.6,1,0,ai-generated,dataset_profile:label,0,"{""label"": 0}",mixed_images/image_000350.jpg,224,0
350,351,prithivMLmods/AI-vs-Deepfake-vs-Real,test,train,index:350,image,0.011222167871892452,0,real,0.6,1,0,ai-generated,dataset_profile:label,0,"{""label"": 0}",mixed_images/image_000351.jpg,224,0
351,352,prithivMLmods/AI-vs-Deepfake-vs-Real,test,train,index:351,image,0.6263675689697266,1,ai-generated,0.6,1,0,ai-generated,dataset_profile:label,1,"{""label"": 0}",mixed_images/image_000352.jpg,224,0
352,353,prithivMLmods/AI-vs-Deepfake-vs-Real,test,train,index:352,image,0.04885729402303696,0,real,0.6,1,0,ai-generated,dataset_profile:label,0,"{""label"": 0}",mixed_images/image_000353.jpg,224,0
353,354,prithivMLmods/AI-vs-Deepfake-vs-Real,test,train,index:353,image,0.0005899587413296103,0,real,0.6,1,0,ai-generated,dataset_profile:label,0,"{""label"": 0}",mixed_images/image_000354.jpg,224,0
354,355,prithivMLmods/AI-vs-Deepfake-vs-Real,test,train,index:354,image,0.00045514514204114676,0,real,0.6,1,0,ai-generated,dataset_profile:label,0,"{""label"": 0}",mixed_images/image_000355.jpg,224,0
355,356,prithivMLmods/AI-vs-Deepfake-vs-Real,test,train,index:355,image,0.015222495421767235,0,real,0.6,1,0,ai-generated,dataset_profile:label,0,"{""label"": 0}",mixed_images/image_000356.jpg,224,0
356,357,prithivMLmods/AI-vs-Deepfake-vs-Real,test,train,index:356,image,0.9934449195861816,1,ai-generated,0.6,1,0,ai-generated,dataset_profile:label,1,"{""label"": 0}",mixed_images/image_000357.jpg,224,0
357,358,prithivMLmods/AI-vs-Deepfake-vs-Real,test,train,index:357,image,0.019103778526186943,0,real,0.6,1,0,ai-generated,dataset_profile:label,0,"{""label"": 0}",mixed_images/image_000358.jpg,224,0
358,359,prithivMLmods/AI-vs-Deepfake-vs-Real,test,train,index:358,image,0.7681781649589539,1,ai-generated,0.6,1,0,ai-generated,dataset_profile:label,1,"{""label"": 0}",mixed_images/image_000359.jpg,224,0
359,360,prithivMLmods/AI-vs-Deepfake-vs-Real,test,train,index:359,image,0.6223163604736328,1,ai-generated,0.6,1,0,ai-generated,dataset_profile:label,1,"{""label"": 0}",mixed_images/image_000360.jpg,224,0
360,361,prithivMLmods/AI-vs-Deepfake-vs-Real,test,train,index:360,image,0.9594691395759583,1,ai-generated,0.6,1,0,ai-generated,dataset_profile:label,1,"{""label"": 0}",mixed_images/image_000361.jpg,224,0
361,362,prithivMLmods/AI-vs-Deepfake-vs-Real,test,train,index:361,image,1.4211723638009138e-23,0,real,0.6,1,0,ai-generated,dataset_profile:label,0,"{""label"": 0}",mixed_images/image_000362.jpg,224,0
362,363,prithivMLmods/AI-vs-Deepfake-vs-Real,test,train,index:362,image,0.9321025609970093,1,ai-generated,0.6,1,0,ai-generated,dataset_profile:label,1,"{""label"": 0}",mixed_images/image_000363.jpg,224,0
363,364,prithivMLmods/AI-vs-Deepfake-vs-Real,test,train,index:363,image,1.9235713022425216e-09,0,real,0.6,1,0,ai-generated,dataset_profile:label,0,"{""label"": 0}",mixed_images/image_000364.jpg,224,0
364,365,prithivMLmods/AI-vs-Deepfake-vs-Real,test,train,index:364,image,0.9999991655349731,1,ai-generated,0.6,1,0,ai-generated,dataset_profile:label,1,"{""label"": 0}",mixed_images/image_000365.jpg,224,0
365,366,prithivMLmods/AI-vs-Deepfake-vs-Real,test,train,index:365,image,0.2448132485151291,0,real,0.6,1,0,ai-generated,dataset_profile:label,0,"{""label"": 0}",mixed_images/image_000366.jpg,224,0
366,367,prithivMLmods/AI-vs-Deepfake-vs-Real,test,train,index:366,image,0.9539609551429749,1,ai-generated,0.6,1,0,ai-generated,dataset_profile:label,1,"{""label"": 0}",mixed_images/image_000367.jpg,224,0
367,368,prithivMLmods/AI-vs-Deepfake-vs-Real,test,train,index:367,image,1.1205152160881251e-15,0,real,0.6,1,0,ai-generated,dataset_profile:label,0,"{""label"": 0}",mixed_images/image_000368.jpg,224,0
368,369,prithivMLmods/AI-vs-Deepfake-vs-Real,test,train,index:368,image,0.20126570761203766,0,real,0.6,1,0,ai-generated,dataset_profile:label,0,"{""label"": 0}",mixed_images/image_000369.jpg,224,0
369,370,prithivMLmods/AI-vs-Deepfake-vs-Real,test,train,index:369,image,0.9707943797111511,1,ai-generated,0.6,1,0,ai-generated,dataset_profile:label,1,"{""label"": 0}",mixed_images/image_000370.jpg,224,0
370,371,prithivMLmods/AI-vs-Deepfake-vs-Real,test,train,index:370,image,0.00044659984996542335,0,real,0.6,1,0,ai-generated,dataset_profile:label,0,"{""label"": 0}",mixed_images/image_000371.jpg,224,0
371,372,prithivMLmods/AI-vs-Deepfake-vs-Real,test,train,index:371,image,0.6924867033958435,1,ai-generated,0.6,1,0,ai-generated,dataset_profile:label,1,"{""label"": 0}",mixed_images/image_000372.jpg,224,0
372,373,prithivMLmods/AI-vs-Deepfake-vs-Real,test,train,index:372,image,0.9785553216934204,1,ai-generated,0.6,1,0,ai-generated,dataset_profile:label,1,"{""label"": 0}",mixed_images/image_000373.jpg,224,0
373,374,prithivMLmods/AI-vs-Deepfake-vs-Real,test,train,index:373,image,0.11772017925977707,0,real,0.6,1,0,ai-generated,dataset_profile:label,0,"{""label"": 0}",mixed_images/image_000374.jpg,224,0
374,375,prithivMLmods/AI-vs-Deepfake-vs-Real,test,train,index:374,image,0.8844478726387024,1,ai-generated,0.6,1,0,ai-generated,dataset_profile:label,1,"{""label"": 0}",mixed_images/image_000375.jpg,224,0
375,376,prithivMLmods/AI-vs-Deepfake-vs-Real,test,train,index:375,image,0.992644190788269,1,ai-generated,0.6,1,0,ai-generated,dataset_profile:label,1,"{""label"": 0}",mixed_images/image_000376.jpg,224,0
376,377,prithivMLmods/AI-vs-Deepfake-vs-Real,test,train,index:376,image,0.9992185831069946,1,ai-generated,0.6,1,0,ai-generated,dataset_profile:label,1,"{""label"": 0}",mixed_images/image_000377.jpg,224,0
377,378,prithivMLmods/AI-vs-Deepfake-vs-Real,test,train,index:377,image,2.4137687432812527e-05,0,real,0.6,1,0,ai-generated,dataset_profile:label,0,"{""label"": 0}",mixed_images/image_000378.jpg,224,0
378,379,prithivMLmods/AI-vs-Deepfake-vs-Real,test,train,index:378,image,0.012369854375720024,0,real,0.6,1,0,ai-generated,dataset_profile:label,0,"{""label"": 0}",mixed_images/image_000379.jpg,224,0
379,380,prithivMLmods/AI-vs-Deepfake-vs-Real,test,train,index:379,image,0.373390257358551,0,real,0.6,1,0,ai-generated,dataset_profile:label,0,"{""label"": 0}",mixed_images/image_000380.jpg,224,0
380,381,prithivMLmods/AI-vs-Deepfake-vs-Real,test,train,index:380,image,0.09039655327796936,0,real,0.6,1,0,ai-generated,dataset_profile:label,0,"{""label"": 0}",mixed_images/image_000381.jpg,224,0
381,382,prithivMLmods/AI-vs-Deepfake-vs-Real,test,train,index:381,image,3.4002143365796655e-05,0,real,0.6,1,0,ai-generated,dataset_profile:label,0,"{""label"": 0}",mixed_images/image_000382.jpg,224,0
382,383,prithivMLmods/AI-vs-Deepfake-vs-Real,test,train,index:382,image,0.07526300847530365,0,real,0.6,1,0,ai-generated,dataset_profile:label,0,"{""label"": 0}",mixed_images/image_000383.jpg,224,0
383,384,prithivMLmods/AI-vs-Deepfake-vs-Real,test,train,index:383,image,0.011806380935013294,0,real,0.6,1,0,ai-generated,dataset_profile:label,0,"{""label"": 0}",mixed_images/image_000384.jpg,224,0
384,385,prithivMLmods/AI-vs-Deepfake-vs-Real,test,train,index:384,image,4.7867943067103624e-05,0,real,0.6,1,0,ai-generated,dataset_profile:label,0,"{""label"": 0}",mixed_images/image_000385.jpg,224,0
385,386,prithivMLmods/AI-vs-Deepfake-vs-Real,test,train,index:385,image,0.9990383386611938,1,ai-generated,0.6,1,0,ai-generated,dataset_profile:label,1,"{""label"": 0}",mixed_images/image_000386.jpg,224,0
386,387,prithivMLmods/AI-vs-Deepfake-vs-Real,test,train,index:386,image,0.07512437552213669,0,real,0.6,1,0,ai-generated,dataset_profile:label,0,"{""label"": 0}",mixed_images/image_000387.jpg,224,0
387,388,prithivMLmods/AI-vs-Deepfake-vs-Real,test,train,index:387,image,2.795776055108945e-09,0,real,0.6,1,0,ai-generated,dataset_profile:label,0,"{""label"": 0}",mixed_images/image_000388.jpg,224,0
388,389,prithivMLmods/AI-vs-Deepfake-vs-Real,test,train,index:388,image,0.8683966994285583,1,ai-generated,0.6,1,0,ai-generated,dataset_profile:label,1,"{""label"": 0}",mixed_images/image_000389.jpg,224,0
389,390,prithivMLmods/AI-vs-Deepfake-vs-Real,test,train,index:389,image,0.5805326104164124,0,real,0.6,1,0,ai-generated,dataset_profile:label,0,"{""label"": 0}",mixed_images/image_000390.jpg,224,0
390,391,prithivMLmods/AI-vs-Deepfake-vs-Real,test,train,index:390,image,0.013072623871266842,0,real,0.6,1,0,ai-generated,dataset_profile:label,0,"{""label"": 0}",mixed_images/image_000391.jpg,224,0
391,392,prithivMLmods/AI-vs-Deepfake-vs-Real,test,train,index:391,image,1.5132218322833069e-06,0,real,0.6,1,0,ai-generated,dataset_profile:label,0,"{""label"": 0}",mixed_images/image_000392.jpg,224,0
392,393,prithivMLmods/AI-vs-Deepfake-vs-Real,test,train,index:392,image,1.0911690878856461e-05,0,real,0.6,1,0,ai-generated,dataset_profile:label,0,"{""label"": 0}",mixed_images/image_000393.jpg,224,0
393,394,prithivMLmods/AI-vs-Deepfake-vs-Real,test,train,index:393,image,0.9999011754989624,1,ai-generated,0.6,1,0,ai-generated,dataset_profile:label,1,"{""label"": 0}",mixed_images/image_000394.jpg,224,0
394,395,prithivMLmods/AI-vs-Deepfake-vs-Real,test,train,index:394,image,0.981681764125824,1,ai-generated,0.6,1,0,ai-generated,dataset_profile:label,1,"{""label"": 0}",mixed_images/image_000395.jpg,224,0
395,396,prithivMLmods/AI-vs-Deepfake-vs-Real,test,train,index:395,image,0.9989049434661865,1,ai-generated,0.6,1,0,ai-generated,dataset_profile:label,1,"{""label"": 0}",mixed_images/image_000396.jpg,224,0
396,397,prithivMLmods/AI-vs-Deepfake-vs-Real,test,train,index:396,image,5.448800590411584e-13,0,real,0.6,1,0,ai-generated,dataset_profile:label,0,"{""label"": 0}",mixed_images/image_000397.jpg,224,0
397,398,prithivMLmods/AI-vs-Deepfake-vs-Real,test,train,index:397,image,0.01837087608873844,0,real,0.6,1,0,ai-generated,dataset_profile:label,0,"{""label"": 0}",mixed_images/image_000398.jpg,224,0
398,399,prithivMLmods/AI-vs-Deepfake-vs-Real,test,train,index:398,image,0.9734680652618408,1,ai-generated,0.6,1,0,ai-generated,dataset_profile:label,1,"{""label"": 0}",mixed_images/image_000399.jpg,224,0
399,400,prithivMLmods/AI-vs-Deepfake-vs-Real,test,train,index:399,image,0.9264463782310486,1,ai-generated,0.6,1,0,ai-generated,dataset_profile:label,1,"{""label"": 0}",mixed_images/image_000400.jpg,224,0
400,401,prithivMLmods/AI-vs-Deepfake-vs-Real,test,train,index:400,image,0.00013683892029803246,0,real,0.6,1,0,ai-generated,dataset_profile:label,0,"{""label"": 0}",mixed_images/image_000401.jpg,224,0
401,402,prithivMLmods/AI-vs-Deepfake-vs-Real,test,train,index:401,image,0.9332748055458069,1,ai-generated,0.6,1,0,ai-generated,dataset_profile:label,1,"{""label"": 0}",mixed_images/image_000402.jpg,224,0
402,403,prithivMLmods/AI-vs-Deepfake-vs-Real,test,train,index:402,image,2.410000377039978e-08,0,real,0.6,1,0,ai-generated,dataset_profile:label,0,"{""label"": 0}",mixed_images/image_000403.jpg,224,0
403,404,prithivMLmods/AI-vs-Deepfake-vs-Real,test,train,index:403,image,0.8580998182296753,1,ai-generated,0.6,1,0,ai-generated,dataset_profile:label,1,"{""label"": 0}",mixed_images/image_000404.jpg,224,0
404,405,prithivMLmods/AI-vs-Deepfake-vs-Real,test,train,index:404,image,1.930116440679388e-17,0,real,0.6,1,0,ai-generated,dataset_profile:label,0,"{""label"": 0}",mixed_images/image_000405.jpg,224,0
405,406,prithivMLmods/AI-vs-Deepfake-vs-Real,test,train,index:405,image,0.0921657532453537,0,real,0.6,1,0,ai-generated,dataset_profile:label,0,"{""label"": 0}",mixed_images/image_000406.jpg,224,0
406,407,prithivMLmods/AI-vs-Deepfake-vs-Real,test,train,index:406,image,1.440022333554225e-05,0,real,0.6,1,0,ai-generated,dataset_profile:label,0,"{""label"": 0}",mixed_images/image_000407.jpg,224,0
407,408,prithivMLmods/AI-vs-Deepfake-vs-Real,test,train,index:407,image,4.023905785288662e-05,0,real,0.6,1,0,ai-generated,dataset_profile:label,0,"{""label"": 0}",mixed_images/image_000408.jpg,224,0
408,409,prithivMLmods/AI-vs-Deepfake-vs-Real,test,train,index:408,image,0.49835947155952454,0,real,0.6,1,0,ai-generated,dataset_profile:label,0,"{""label"": 0}",mixed_images/image_000409.jpg,224,0
409,410,prithivMLmods/AI-vs-Deepfake-vs-Real,test,train,index:409,image,0.23520135879516602,0,real,0.6,1,0,ai-generated,dataset_profile:label,0,"{""label"": 0}",mixed_images/image_000410.jpg,224,0
410,411,prithivMLmods/AI-vs-Deepfake-vs-Real,test,train,index:410,image,5.065041094876044e-11,0,real,0.6,1,0,ai-generated,dataset_profile:label,0,"{""label"": 0}",mixed_images/image_000411.jpg,224,0
411,412,prithivMLmods/AI-vs-Deepfake-vs-Real,test,train,index:411,image,0.1255778968334198,0,real,0.6,1,0,ai-generated,dataset_profile:label,0,"{""label"": 0}",mixed_images/image_000412.jpg,224,0
412,413,prithivMLmods/AI-vs-Deepfake-vs-Real,test,train,index:412,image,4.345622597153791e-16,0,real,0.6,1,0,ai-generated,dataset_profile:label,0,"{""label"": 0}",mixed_images/image_000413.jpg,224,0
413,414,prithivMLmods/AI-vs-Deepfake-vs-Real,test,train,index:413,image,0.9997615218162537,1,ai-generated,0.6,1,0,ai-generated,dataset_profile:label,1,"{""label"": 0}",mixed_images/image_000414.jpg,224,0
414,415,prithivMLmods/AI-vs-Deepfake-vs-Real,test,train,index:414,image,0.11095917969942093,0,real,0.6,1,0,ai-generated,dataset_profile:label,0,"{""label"": 0}",mixed_images/image_000415.jpg,224,0
415,416,prithivMLmods/AI-vs-Deepfake-vs-Real,test,train,index:415,image,5.263560698409719e-09,0,real,0.6,1,0,ai-generated,dataset_profile:label,0,"{""label"": 0}",mixed_images/image_000416.jpg,224,0
416,417,prithivMLmods/AI-vs-Deepfake-vs-Real,test,train,index:416,image,2.2070241769263583e-15,0,real,0.6,1,0,ai-generated,dataset_profile:label,0,"{""label"": 0}",mixed_images/image_000417.jpg,224,0
417,418,prithivMLmods/AI-vs-Deepfake-vs-Real,test,train,index:417,image,0.9972733855247498,1,ai-generated,0.6,1,0,ai-generated,dataset_profile:label,1,"{""label"": 0}",mixed_images/image_000418.jpg,224,0
418,419,prithivMLmods/AI-vs-Deepfake-vs-Real,test,train,index:418,image,0.9985389709472656,1,ai-generated,0.6,1,0,ai-generated,dataset_profile:label,1,"{""label"": 0}",mixed_images/image_000419.jpg,224,0
419,420,prithivMLmods/AI-vs-Deepfake-vs-Real,test,train,index:419,image,0.05461712181568146,0,real,0.6,1,0,ai-generated,dataset_profile:label,0,"{""label"": 0}",mixed_images/image_000420.jpg,224,0
420,421,prithivMLmods/AI-vs-Deepfake-vs-Real,test,train,index:420,image,0.8313112258911133,1,ai-generated,0.6,1,0,ai-generated,dataset_profile:label,1,"{""label"": 0}",mixed_images/image_000421.jpg,224,0
421,422,prithivMLmods/AI-vs-Deepfake-vs-Real,test,train,index:421,image,0.005817200988531113,0,real,0.6,1,0,ai-generated,dataset_profile:label,0,"{""label"": 0}",mixed_images/image_000422.jpg,224,0
422,423,prithivMLmods/AI-vs-Deepfake-vs-Real,test,train,index:422,image,0.7382649779319763,1,ai-generated,0.6,1,0,ai-generated,dataset_profile:label,1,"{""label"": 0}",mixed_images/image_000423.jpg,224,0
423,424,prithivMLmods/AI-vs-Deepfake-vs-Real,test,train,index:423,image,0.003192533040419221,0,real,0.6,1,0,ai-generated,dataset_profile:label,0,"{""label"": 0}",mixed_images/image_000424.jpg,224,0
424,425,prithivMLmods/AI-vs-Deepfake-vs-Real,test,train,index:424,image,0.07250586152076721,0,real,0.6,1,0,ai-generated,dataset_profile:label,0,"{""label"": 0}",mixed_images/image_000425.jpg,224,0
425,426,prithivMLmods/AI-vs-Deepfake-vs-Real,test,train,index:425,image,0.9995960593223572,1,ai-generated,0.6,1,0,ai-generated,dataset_profile:label,1,"{""label"": 0}",mixed_images/image_000426.jpg,224,0
426,427,prithivMLmods/AI-vs-Deepfake-vs-Real,test,train,index:426,image,0.0004887591931037605,0,real,0.6,1,0,ai-generated,dataset_profile:label,0,"{""label"": 0}",mixed_images/image_000427.jpg,224,0
427,428,prithivMLmods/AI-vs-Deepfake-vs-Real,test,train,index:427,image,0.999998927116394,1,ai-generated,0.6,1,0,ai-generated,dataset_profile:label,1,"{""label"": 0}",mixed_images/image_000428.jpg,224,0
